fecha,trm_cop_usd__banrep_trm,valor__fred_coffee_brazil,valor__fred_coffee_robusta,arabica_usd_kg__world_bank_coffee,robusta_usd_kg__world_bank_coffee,orig_precio_interno_cop_125kg__fnc_cafe_mensual,orig_precio_diario_prom_cop__fnc_cafe_mensual,orig_precio_diario_min_cop__fnc_cafe_mensual,orig_precio_diario_max_cop__fnc_cafe_mensual,orig_precio_exdock_cusd_libra__fnc_cafe_mensual,orig_precio_oic_compuesto_cusd_libra__fnc_cafe_mensual,orig_produccion_miles_sacos_60kg__fnc_cafe_mensual,orig_exportaciones_volumen_miles_sacos__fnc_cafe_mensual,orig_exportaciones_valor_musd__fnc_cafe_mensual,orig_ico_composite__ICO_precios_cafe,orig_colombian_milds__ICO_precios_cafe,orig_other_milds__ICO_precios_cafe,orig_brazilian_naturals__ICO_precios_cafe,orig_robustas__ICO_precios_cafe,orig_new_york_futures__ICO_precios_cafe,orig_london_futures__ICO_precios_cafe
1960-01-01,,,,0.9409,0.6968643,,,,,,,,,,,,,,,,
1960-02-01,,,,0.9469,0.6887074,,,,,,,,,,,,,,,,
1960-03-01,,,,0.9281,0.6887074,,,,,,,,,,,,,,,,
1960-04-01,,,,0.9303,0.6845187,,,,,,,,,,,,,,,,
1960-05-01,,,,0.92,0.6906915,,,,,,,,,,,,,,,,
1960-06-01,,,,0.9123,0.6968643,,,,,,,,,,,,,,,,
1960-07-01,,,,0.916,0.6906915,,,,,,,,,,,,,,,,
1960-08-01,,,,0.9292,0.6988484,,,,,,,,,,,,,,,,
1960-09-01,,,,0.9226,0.7028166,,,,,,,,,,,,,,,,
1960-10-01,,,,0.9237,0.7067849,,,,,,,,,,,,,,,,
1960-11-01,,,,0.9116,0.7089895,,,,,,,,,,,,,,,,
1960-12-01,,,,0.9006,0.6968643,,,,,,,,,,,,,,,,
1961-01-01,,,,0.9145,0.6765823,,,,,,,,,,,,,,,,
1961-02-01,,,,0.9167,0.6765823,,,,,,,,,,,,,,,,
1961-03-01,,,,0.9105,0.6684254,,,,,,,,,,,,,,,,
1961-04-01,,,,0.9017,0.6644572,,,,,,,,,,,,,,,,
1961-05-01,,,,0.8929,0.6622526,,,,,,,,,,,,,,,,
1961-06-01,,,,0.8891,0.6664412,,,,,,,,,,,,,,,,
1961-07-01,,,,0.8929,0.6684254,,,,,,,,,,,,,,,,
1961-08-01,,,,0.8935,0.6684254,,,,,,,,,,,,,,,,
1961-09-01,,,,0.8891,0.6723936,,,,,,,,,,,,,,,,
1961-10-01,,,,0.8852,0.6723936,,,,,,,,,,,,,,,,
1961-11-01,,,,0.883,0.6704095,,,,,,,,,,,,,,,,
1961-12-01,,,,0.8774,0.6664412,,,,,,,,,,,,,,,,
1962-01-01,,,,0.8774,0.6684254,,,,,,,,,,,,,,,,
1962-02-01,,,,0.877,0.6684254,,,,,,,,,,,,,,,,
1962-03-01,,,,0.8609,0.6704095,,,,,,,,,,,,,,,,
1962-04-01,,,,0.8466,0.6743777,,,,,,,,,,,,,,,,
1962-05-01,,,,0.8256,0.6723936,,,,,,,,,,,,,,,,
1962-06-01,,,,0.8047,0.6723936,,,,,,,,,,,,,,,,
1962-07-01,,,,0.8131,0.6765823,,,,,,,,,,,,,,,,
1962-08-01,,,,0.819,0.6845187,,,,,,,,,,,,,,,,
1962-09-01,,,,0.8256,0.6946597,,,,,,,,,,,,,,,,
1962-10-01,,,,0.8109,0.6946597,,,,,,,,,,,,,,,,
1962-11-01,,,,0.8124,0.6926757,,,,,,,,,,,,,,,,
1962-12-01,,,,0.8179,0.7169259,,,,,,,,,,,,,,,,
1963-01-01,,,,0.8267,0.6521116,,,,,,,,,,,,,,,,
1963-02-01,,,,0.8031,0.6137521,,,,,,,,,,,,,,,,
1963-03-01,,,,0.8109,0.6157362,,,,,,,,,,,,,,,,
1963-04-01,,,,0.808,0.6157362,,,,,,,,,,,,,,,,
1963-05-01,,,,0.797,0.6117679,,,,,,,,,,,,,,,,
1963-06-01,,,,0.7992,0.6117679,,,,,,,,,,,,,,,,
1963-07-01,,,,0.8064,0.6157362,,,,,,,,,,,,,,,,
1963-08-01,,,,0.8047,0.6117679,,,,,,,,,,,,,,,,
1963-09-01,,,,0.802,0.6238931,,,,,,,,,,,,,,,,
1963-10-01,,,,0.8042,0.6258772,,,,,,,,,,,,,,,,
1963-11-01,,,,0.8069,0.6318295,,,,,,,,,,,,,,,,
1963-12-01,,,,0.7998,0.6521116,,,,,,,,,,,,,,,,
1964-01-01,,,,0.9259,0.7008326,,,,,,,,,,,,,,,,
1964-02-01,,,,0.9414,0.7211145,,,,,,,,,,,,,,,,
1964-03-01,,,,1.0351,0.7797561,,,,,,,,,,,,,,,,
1964-04-01,,,,1.0042,0.8161315,,,,,,,,,,,,,,,,
1964-05-01,,,,1.0203,0.8284771,,,,,,,,,,,,,,,,
1964-06-01,,,,1.0053,0.8465545,,,,,,,,,,,,,,,,
1964-07-01,,,,1.0214,0.8183361,,,,,,,,,,,,,,,,
1964-08-01,,,,1.049,0.8183361,,,,,,,,,,,,,,,,
1964-09-01,,,,1.0373,0.7898972,,,,,,,,,,,,,,,,
1964-10-01,,,,1.0379,0.7738038,,,,,,,,,,,,,,,,
1964-11-01,,,,1.034,0.787913,,,,,,,,,,,,,,,,
1964-12-01,,,,1.0053,0.7636628,,,,,,,,,,,,,,,,
1965-01-01,,,,1.0119,0.6283022,,,,,,,,,,,,,,,,
1965-02-01,,,,1.0384,0.6371205,,,,,,,,,,,,,,,,
1965-03-01,,,,0.9899,0.5798017,,,,,,,,,,,,,,,,
1965-04-01,,,,0.9744,0.5469536,,,,,,,,,,,,,,,,
1965-05-01,,,,0.9612,0.4872098,,,,,,,,,,,,,,,,
1965-06-01,,,,0.9811,0.6130906,,,,,,,,,,,,,,,,
1965-07-01,,,,0.9811,0.7162645,,,,,,,,,,,,,,,,
1965-08-01,,,,1.0009,0.7949677,,,,,,,,,,,,,,,,
1965-09-01,,,,0.9987,0.7775516,,,,,,,,,,,,,,,,
1965-10-01,,,,1.0097,0.8073132,,,,,,,,,,,,,,,,
1965-11-01,,,,1.0251,0.7568286,,,,,,,,,,,,,,,,
1965-12-01,,,,1.0318,0.7936449,,,,,,,,,,,,,,,,
1966-01-01,,,,1.0119,0.8015813,,,,,,,,,,,,,,,,
1966-02-01,,,,0.9722,0.7577103,,,,,,,,,,,,,,,,
1966-03-01,,,,0.9546,0.7438216,,,,,,,,,,,,,,,,
1966-04-01,,,,0.9546,0.7605763,,,,,,,,,,,,,,,,
1966-05-01,,,,0.9458,0.7652059,,,,,,,,,,,,,,,,
1966-06-01,,,,0.9237,0.7409557,,,,,,,,,,,,,,,,
1966-07-01,,,,0.9171,0.729051,,,,,,,,,,,,,,,,
1966-08-01,,,,0.9171,0.7189101,,,,,,,,,,,,,,,,
1966-09-01,,,,0.8995,0.6995097,,,,,,,,,,,,,,,,
1966-10-01,,,,0.8885,0.7171464,,,,,,,,,,,,,,,,
1966-11-01,,,,0.8869,0.7200123,,,,,,,,,,,,,,,,
1966-12-01,,,,0.8728,0.7151622,,,,,,,,,,,,,,,,
1967-01-01,,,,0.8501,0.7056826,,,,,,,,,,,,,,,,
1967-02-01,,,,0.8441,0.7286101,,,,,,,,,,,,,,,,
1967-03-01,,,,0.8228,0.7257441,,,,,,,,,,,,,,,,
1967-04-01,,,,0.8508,0.7471284,,,,,,,,,,,,,,,,
1967-05-01,,,,0.8891,0.7702765,,,,,,,,,,,,,,,,
1967-06-01,,,,0.9092,0.7824016,,,,,,,,,,,,,,,,
1967-07-01,,,,0.9026,0.7407352,,,,,,,,,,,,,,,,
1967-08-01,,,,0.8761,0.7175872,,,,,,,,,,,,,,,,
1967-09-01,,,,0.8607,0.7239805,,,,,,,,,,,,,,,,
1967-10-01,,,,0.8472,0.729492,,,,,,,,,,,,,,,,
1967-11-01,,,,0.8666,0.7477898,,,,,,,,,,,,,,,,
1967-12-01,,,,0.8512,0.7499944,,,,,,,,,,,,,,,,
1968-01-01,,,,0.866,0.7596945,,,,,,,,,,,,,,,,
1968-02-01,,,,0.8691,0.7566082,,,,,,,,,,,,,,,,
1968-03-01,,,,0.8821,0.7548445,,,,,,,,,,,,,,,,
1968-04-01,,,,0.886,0.7533013,,,,,,,,,,,,,,,,
1968-05-01,,,,0.8816,0.7550649,,,,,,,,,,,,,,,,
1968-06-01,,,,0.888,0.7566082,,,,,,,,,,,,,,,,
1968-07-01,,,,0.8814,0.749774,,,,,,,,,,,,,,,,
1968-08-01,,,,0.8662,0.7475694,,,,,,,,,,,,,,,,
1968-09-01,,,,0.8538,0.749333,,,,,,,,,,,,,,,,
1968-10-01,,,,0.8545,0.7400739,,,,,,,,,,,,,,,,
1968-11-01,,,,0.8486,0.7233191,,,,,,,,,,,,,,,,
1968-12-01,,,,0.8267,0.7094303,,,,,,,,,,,,,,,,
1969-01-01,,,,0.8261,0.7065644,,,,,,,,,,,,,,,,
1969-02-01,,,,0.8419,0.7081076,,,,,,,,,,,,,,,,
1969-03-01,,,,0.8294,0.6871642,,,,,,,,,,,,,,,,
1969-04-01,,,,0.8135,0.6589457,,,,,,,,,,,,,,,,
1969-05-01,,,,0.8093,0.6496865,,,,,,,,,,,,,,,,
1969-06-01,,,,0.795,0.6772437,,,,,,,,,,,,,,,,
1969-07-01,,,,0.7776,0.6871642,,,,,,,,,,,,,,,,
1969-08-01,,,,0.8126,0.724642,,,,,,,,,,,,,,,,
1969-09-01,,,,0.9026,0.7630014,,,,,,,,,,,,,,,,
1969-10-01,,,,1.0401,0.8450114,,,,,,,,,,,,,,,,
1969-11-01,,,,1.0247,0.8207611,,,,,,,,,,,,,,,,
1969-12-01,,,,1.0479,0.8284771,,,,,,,,,,,,,,,,
1970-01-01,,,,1.1369,0.8619865,,,,,,,,,,,,,,,,
1970-02-01,,,,1.1453,0.8474364,,,,,,,,,,,,,,,,
1970-03-01,,,,1.1711,0.8679388,,,,,,,,,,,,,,,,
1970-04-01,,,,1.2028,0.9129121,,,,,,,,,,,,,,,,
1970-05-01,,,,1.217,0.9400282,,,,,,,,,,,,,,,,
1970-06-01,,,,1.2061,0.9298873,,,,,,,,,,,,,,,,
1970-07-01,,,,1.2121,0.9424534,,,,,,,,,,,,,,,,
1970-08-01,,,,1.1828,0.9446578,,,,,,,,,,,,,,,,
1970-09-01,,,,1.1603,0.9387055,,,,,,,,,,,,,,,,
1970-10-01,,,,1.1197,0.9415715,,,,,,,,,,,,,,,,
1970-11-01,,,,1.0278,0.9159985,,,,,,,,,,,,,,,,
1970-12-01,,,,0.9775,0.9190849,,,,,,,,,,,,,,,,
1971-01-01,,,,1.0031,0.9298873,,,,,,,,,,,,,,,,
1971-02-01,,,,0.9833,0.9296668,,,,,,,,,,,,,,,,
1971-03-01,,,,1.0143,0.9406896,,,,,,,,,,,,,,,,
1971-04-01,,,,0.9894,0.9400282,,,,,,,,,,,,,,,,
1971-05-01,,,,1.0183,0.9400282,,,,,,,,,,,,,,,,
1971-06-01,,,,1.0022,0.9340759,,,,,,,,,,,,,,,,
1971-07-01,,,,0.9927,0.928344,,,,,,,,,,,,,,,,
1971-08-01,,,,1.0051,0.9298873,,,,,,,,,,,,,,,,
1971-09-01,,,,0.9645,0.9243758,,,,,,,,,,,,,,,,
1971-10-01,,,,0.9431,0.9190849,,,,,,,,,,,,,,,,
1971-11-01,,,,0.9658,0.9254781,,,,,,,,,,,,,,,,
1971-12-01,,,,1.0207,0.9373828,,,,,,,,,,,,,,,,
1972-01-01,,,,0.9905,0.9296668,,,,,,,,,,,,,,,,
1972-02-01,,,,0.9996,0.930769,,,,,,,,,,,,,,,,
1972-03-01,,,,1.0192,0.949508,,,,,,,,,,,,,,,,
1972-04-01,,,,1.0115,0.9627353,,,,,,,,,,,,,,,,
1972-05-01,,,,1.0377,0.9647195,,,,,,,,,,,,,,,,
1972-06-01,,,,1.0697,0.9625149,,,,,,,,,,,,,,,,
1972-07-01,,,,1.2361,1.043863,,,,,,,,,,,,,,,,
1972-08-01,,,,1.2009,1.040557,,,,,,,,,,,,,,,,
1972-09-01,,,,1.1687,1.034604,,,,,,,,,,,,,,,,
1972-10-01,,,,1.1779,1.036809,,,,,,,,,,,,,,,,
1972-11-01,,,,1.1859,1.044304,,,,,,,,,,,,,,,,
1972-12-01,,,,1.2174,1.052902,,,,,,,,,,,,,,,,
1973-01-01,,,,1.278,1.054005,,,,,,,,,,,,,,,,
1973-02-01,,,,1.4542,1.091923,,,,,,,,,,,,,,,,
1973-03-01,,,,1.4193,1.10978,,,,,,,,,,,,,,,,
1973-04-01,,,,1.291,1.077593,,,,,,,,,,,,,,,,
1973-05-01,,,,1.4151,1.074507,,,,,,,,,,,,,,,,
1973-06-01,,,,1.4147,1.077593,,,,,,,,,,,,,,,,
1973-07-01,,,,1.3567,1.058193,,,,,,,,,,,,,,,,
1973-08-01,,,,1.3307,1.044966,,,,,,,,,,,,,,,,
1973-09-01,,,,1.3272,1.104489,,,,,,,,,,,,,,,,
1973-10-01,,,,1.3779,1.146376,,,,,,,,,,,,,,,,
1973-11-01,,,,1.3931,1.168422,,,,,,,,,,,,,,,,
1973-12-01,,,,1.4235,1.190467,,,,,,,,,,,,,,,,
1974-01-01,,,,1.5304,1.226622,,,,,,,,,,,,,,,,
1974-02-01,,,,1.6466,1.334867,,,,,,,,,,,,,,,,
1974-03-01,,,,1.5754,1.382706,,,,,,,,,,,,,,,,
1974-04-01,,,,1.5498,1.411586,,,,,,,,,,,,,,,,
1974-05-01,,,,1.5657,1.422608,,,,,,,,,,,,,,,,
1974-06-01,,,,1.5898,1.362424,,,,,,,,,,,,,,,,
1974-07-01,,,,1.5232,1.303562,,,,,,,,,,,,,,,,
1974-08-01,,,,1.379,1.234779,,,,,,,,,,,,,,,,
1974-09-01,,,,1.2039,1.188704,,,,,,,,,,,,,,,,
1974-10-01,,,,1.2518,1.21119,,,,,,,,,,,,,,,,
1974-11-01,,,,1.3069,1.227063,,,,,,,,,,,,,,,,
1974-12-01,,,,1.2959,1.216481,,,,,,,,,,,,,,,,
1975-01-01,,,,1.2311,1.197522,,,,,,,,,,,,,,,,
1975-02-01,,,,1.1788,1.154974,,,,,,,,,,,,,,,,
1975-03-01,,,,1.1034,1.094348,,,,,,,,,,,,,,,,
1975-04-01,,,,1.0503,1.0809,,,,,,,,,,,,,,,,
1975-05-01,,,,1.121,1.047611,,,,,,,,,,,,,,,,
1975-06-01,,,,1.233,1.087734,,,,,,,,,,,,,,,,
1975-07-01,,,,1.4478,1.293641,,,,,,,,,,,,,,,,
1975-08-01,,,,1.8404,1.69862,,,,,,,,,,,,,,,,
1975-09-01,,,,1.7831,1.677677,,,,,,,,,,,,,,,,
1975-10-01,,,,1.7723,1.610879,,,,,,,,,,,,,,,,
1975-11-01,,,,1.709,1.574283,,,,,,,,,,,,,,,,
1975-12-01,,,,1.8353,1.632043,,,,,,,,,,,,,,,,
1976-01-01,,,,2.047,1.744476,,,,,,,,,,,,,,,,
1976-02-01,,,,2.1874,1.822297,,,,,,,,,,,,,,,,
1976-03-01,,,,2.1958,1.815904,,,,,,,,,,,,,,,,
1976-04-01,,,,2.7002,2.376305,,,,,,,,,,,,,,,,
1976-05-01,,,,2.9864,2.681638,,,,,,,,,,,,,,,,
1976-06-01,,,,3.2977,2.867263,,,,,,,,,,,,,,,,
1976-07-01,,,,3.0256,2.78415,,,,,,,,,,,,,,,,
1976-08-01,,,,3.3848,2.915763,,,,,,,,,,,,,,,,
1976-09-01,,,,3.5133,3.022024,,,,,,,,,,,,,,,,
1976-10-01,,,,3.8215,3.34874,,,,,,,,,,,,,,,,
1976-11-01,,,,4.0342,3.885773,,,,,,,,,,,,,,,,
1976-12-01,,,,4.566,4.496439,,,,,,,,,,,,,,,,
1977-01-01,,,,4.8272,4.767601,,,,,,,,,,,,,,,,
1977-02-01,,,,5.4119,5.431397,,,,,,,,,,,,,,,,
1977-03-01,,,,6.7058,6.747966,,,,,,,,,,,,,,,,
1977-04-01,,,,7.0036,6.883547,,,,,,,,,,,,,,,,
1977-05-01,,,,6.2889,5.942636,,,,,,,,,,,,,,,,
1977-06-01,,,,5.7781,4.938676,,,,,,,,,,,,,,,,
1977-07-01,,,,4.8488,4.331758,,,,,,,,,,,,,,,,
1977-08-01,,,,4.396,4.482551,,,,,,,,,,,,,,,,
1977-09-01,,,,4.1778,4.442207,,,,,,,,,,,,,,,,
1977-10-01,,,,3.7703,3.834407,,,,,,,,,,,,,,,,
1977-11-01,,,,4.3466,3.675237,,,,,,,,,,,,,,,,
1977-12-01,,,,4.4714,3.716242,,,,,,,,,,,,,,,,
1978-01-01,,,,4.545,3.904953,,,,,,,,,,,,,,,,
1978-02-01,,,,4.3561,3.848296,,,,,,,,,,,,,,,,
1978-03-01,,,,3.8576,3.475283,,,,,,,,,,,,,,,,
1978-04-01,,,,3.9368,3.192216,,,,,,,,,,,,,,,,
1978-05-01,,,,3.7397,3.000198,,,,,,,,,,,,,,,,
1978-06-01,,,,3.7148,3.331985,,,,,,,,,,,,,,,,
1978-07-01,,,,2.9498,2.789726,,,,,,,,,,,,,,,,
1978-08-01,,,,3.0472,2.831835,,,,,,,,,,,,,,,,
1978-09-01,,,,3.4244,3.238587,,,,,,,,,,,,,,,,
1978-10-01,,,,3.3964,3.309576,,,,,,,,,,,,,,,,
1978-11-01,,,,3.2223,3.180385,,,,,,,,,,,,,,,,
1978-12-01,,,,2.8898,2.911862,,,,,,,,,,,,,,,,
1979-01-01,,,,2.8349,2.9377,,,,,,,,,,,,,,,,
1979-02-01,,,,2.7119,2.9211,,,,,,,,,,,,,,,,
1979-03-01,,,,2.8735,2.9809,,,,,,,,,,,,,,,,
1979-04-01,,,,3.0563,3.1262,,,,,,,,,,,,,,,,
1979-05-01,,,,3.3023,3.2558,,,,,,,,,,,,,,,,
1979-06-01,,,,4.2589,4.1621,,,,,,,,,,,,,,,,
1979-07-01,,,,4.4899,4.3241,,,,,,,,,,,,,,,,
1979-08-01,,,,4.353,4.0111,,,,,,,,,,,,,,,,
1979-09-01,,,,4.5717,4.2293,,,,,,,,,,,,,,,,
1979-10-01,,,,4.6207,4.064,,,,,,,,,,,,,,,,
1979-11-01,,,,4.5574,3.909,,,,,,,,,,,,,,,,
1979-12-01,,,,4.2831,3.902,,,,,,,,,,,,,,,,
1980-01-01,,,,3.8078,3.5713,,,,,,,,,,,,,,,,
1980-02-01,,,,3.7102,3.5521,,,,,,,,,,,,,,,,
1980-03-01,,,,4.1173,3.7225,,,,,,,,,,,,,,,,
1980-04-01,,,,4.0528,3.6464,,,,,,,,,,,,,,,,
1980-05-01,,,,4.2315,3.8848,,,,,,,,,,,,,,,,
1980-06-01,,,,4.0503,3.7613,,,,,,,,,,,,,,,,
1980-07-01,,,,3.5164,3.2809,,,,,,,,,,,,,,,,
1980-08-01,,,,3.1001,2.9496,,,,,,,,,,,,,,,,
1980-09-01,,,,2.8559,2.7567,,,,,,,,,,,,,,,,
1980-10-01,,,,2.8373,2.7242,,,,,,,,,,,,,,,,
1980-11-01,,,,2.5986,2.5183,,,,,,,,,,,,,,,,
1980-12-01,,,,2.7172,2.5505,,,,,,,,,,,,,,,,
1981-01-01,,,,2.8894,2.6283,,,,,,,,,,,,,,,,
1981-02-01,,,,2.8517,2.4886,,,,,,,,,,,,,,,,
1981-03-01,,,,2.8574,2.4723,,,,,,,,,,,,,,,,
1981-04-01,,,,2.8887,2.4507,,,,,,,,,,,,,,,,
1981-05-01,,,,2.8329,2.3477,,,,,,,,,,,,,,,,
1981-06-01,,,,2.5104,1.8583,,,,,,,,,,,,,,,,
1981-07-01,,,,2.6691,1.9357,,,,,,,,,,,,,,,,
1981-08-01,,,,2.782,1.9786,,,,,,,,,,,,,,,,
1981-09-01,,,,2.8038,1.9703,,,,,,,,,,,,,,,,
1981-10-01,,,,3.0225,2.1656,,,,,,,,,,,,,,,,
1981-11-01,,,,3.1804,2.3135,,,,,,,,,,,,,,,,
1981-12-01,,,,3.1343,2.273,,,,,,,,,,,,,,,,
1982-01-01,,,,3.1786,2.3076,,,,,,,,,,,,,,,,
1982-02-01,,,,3.4046,2.5168,,,,,,,,,,,,,,,,
1982-03-01,,,,3.2196,2.4685,,,,,,,,,,,,,,,,
1982-04-01,,,,3.1224,2.3455,,,,,,,,,,,,,,,,
1982-05-01,,,,3.0333,2.2822,,,,,,,,,,,,,,,,
1982-06-01,,,,3.1004,2.2408,,,,,,,,,,,,,,,,
1982-07-01,,,,2.9434,2.1678,,,,,,,,,,,,,,,,
1982-08-01,,,,2.9308,2.2478,,,,,,,,,,,,,,,,
1982-09-01,,,,3.0042,2.4092,,,,,,,,,,,,,,,,
1982-10-01,,,,3.0955,2.5856,,,,,,,,,,,,,,,,
1982-11-01,,,,3.045,2.6943,,,,,,,,,,,,,,,,
1982-12-01,,,,2.9729,2.8177,,,,,,,,,,,,,,,,
1983-01-01,,,,2.8651,2.745,,,,,,,,,,,,,,,,
1983-02-01,,,,2.7983,2.6846,,,,,,,,,,,,,,,,
1983-03-01,,,,2.7567,2.6727,,,,,,,,,,,,,,,,
1983-04-01,,,,2.7505,2.6727,,,,,,,,,,,,,,,,
1983-05-01,,,,2.8323,2.7152,,,,,,,,,,,,,,,,
1983-06-01,,,,2.8071,2.6511,,,,,,,,,,,,,,,,
1983-07-01,,,,2.8294,2.6469,,,,,,,,,,,,,,,,
1983-08-01,,,,2.8559,2.6526,,,,,,,,,,,,,,,,
1983-09-01,,,,2.9169,2.6877,,,,,,,,,,,,,,,,
1983-10-01,,,,3.1026,2.8726,,,,,,,,,,,,,,,,
1983-11-01,,,,3.187,2.8515,,,,,,,,,,,,,,,,
1983-12-01,,,,3.2333,2.9271,,,,,,,,,,,,,,,,
1984-01-01,,,,3.1683,2.9306,,,,,,,,,,,,,,,,
1984-02-01,,,,3.2168,3.0049,,,,,,,,,,,,,,,,
1984-03-01,,,,3.2699,3.0433,,,,,,,,,,,,,,,,
1984-04-01,,,,3.3116,3.0325,,,,,,,,,,,,,,,,
1984-05-01,,,,3.3124,3.2293,,,,,,,,,,,,,,,,
1984-06-01,,,,3.2474,3.165,,,,,,,,,,,,,,,,
1984-07-01,,,,3.1771,3.0402,,,,,,,,,,,,,,,,
1984-08-01,,,,3.2121,3.099,,,,,,,,,,,,,,,,
1984-09-01,,,,3.1356,3.1189,,,,,,,,,,,,,,,,
1984-10-01,,,,3.0175,2.9787,,,,,,,,,,,,,,,,
1984-11-01,,,,3.0911,2.9998,,,,,,,,,,,,,,,,
1984-12-01,,,,3.1041,2.7992,,,,,,,,,,,,,,,,
1985-01-01,,,,3.2053,2.7675,,,,,,,,,,,,,,,,
1985-02-01,,,,3.1764,2.7011,,,,,,,,,,,,,,,,
1985-03-01,,,,3.2602,2.7079,,,,,,,,,,,,,,,,
1985-04-01,,,,3.1189,2.702,,,,,,,,,,,,,,,,
1985-05-01,,,,3.1458,2.6685,,,,,,,,,,,,,,,,
1985-06-01,,,,3.1281,2.6497,,,,,,,,,,,,,,,,
1985-07-01,,,,2.9778,2.3433,,,,,,,,,,,,,,,,
1985-08-01,,,,2.9427,2.3466,,,,,,,,,,,,,,,,
1985-09-01,,,,2.9427,2.2941,,,,,,,,,,,,,,,,
1985-10-01,,,,3.0979,2.4544,,,,,,,,,,,,,,,,
1985-11-01,,,,3.4315,2.7816,,,,,,,,,,,,,,,,
1985-12-01,,,,4.3422,3.3669,,,,,,,,,,,,,,,,
1986-01-01,,,,5.2441,3.7516,,,,,,,,,,,,,,,,
1986-02-01,,,,5.0307,3.5721,,,,,,,,,,,,,,,,
1986-03-01,,,,5.2823,3.7229,,,,,,,,,,,,,,,,
1986-04-01,,,,4.9833,3.4703,,,,,,,,,,,,,,,,
1986-05-01,,,,4.6592,3.1416,,,,,,,,,,,,,,,,
1986-06-01,,,,3.9039,2.7602,,,,,,,,,,,,,,,,
1986-07-01,,,,3.7988,2.7761,,,,,,,,,,,,,,,,
1986-08-01,,,,3.8345,2.9751,,,,,,,,,,,,,,,,
1986-09-01,,,,4.4011,3.6062,,,,,,,,,,,,,,,,
1986-10-01,,,,3.9152,3.2808,,,,,,,,,,,,,,,,
1986-11-01,,,,3.4545,3.1337,,,,,,,,,,,,,,,,
1986-12-01,,,,3.0034,2.7465,,,,,,,,,,,,,,,,
1987-01-01,,,,2.7234,2.4996,,,,,,,,,,,,,,,,
1987-02-01,,,,2.6645,2.4269,,,,,,,,,,,,,,,,
1987-03-01,,,,2.2877,2.157,,,,,,,,,,,,,,,,
1987-04-01,,,,2.3712,2.229,,,,,,,,,,,,,,,,
1987-05-01,,,,2.586,2.3281,,,,,,,,,,,,,,,,
1987-06-01,,,,2.3176,2.1615,,,,,,,,,,,,,,,,
1987-07-01,,,,2.2023,2.0388,,,,,,,,,,,,,,,,
1987-08-01,,,,2.2531,2.0845,,,,,,,,,,,,,,,,
1987-09-01,,,,2.4365,2.1898,,,,,,,,,,,,,,,,
1987-10-01,,,,2.6319,2.2822,,,,,,,,,,,,,,,,
1987-11-01,,,,2.7884,2.3111,,,,,,,,,,,,,,,,
1987-12-01,,,,2.7972,2.2716,,,,,,,,,,,,,,,,
1988-01-01,,,,2.8223,2.2511,,,,,,,,,,,,,,,,
1988-02-01,,,,3.0544,2.2702,,,,,,,,,,,,,,,,
1988-03-01,,,,3.0104,2.1817,,,,,,,,,,,,,,,,
1988-04-01,,,,3.0075,2.1204,,,,,,,,,,,,,,,,
1988-05-01,,,,3.0567,2.0737,,,,,,,,,,,,,,,,
1988-06-01,,,,3.1718,2.0608,,,,,,,,,,,,,,,,
1988-07-01,,,,3.1299,1.881,,,,,,,,,,,,,,,,
1988-08-01,,,,2.9228,1.8001,,,,,,,,,,,,,,,,
1988-09-01,,,,3.0391,1.9789,,,,,,,,,,,,,,,,
1988-10-01,,,,2.9502,2.0744,,,,,,,,,,,,,,,,
1988-11-01,,,,2.9848,2.0428,,,,,,,,,,,,,,,,
1988-12-01,,,,3.2546,2.2151,,,,,,,,,,,,,,,,
1989-01-01,,,,3.3563,2.2342,,,,,,,,,,,,,,,,
1989-02-01,,,,3.0854,2.1191,,,,,,,,,,,,,,,,
1989-03-01,,,,3.0966,2.081,,,,,,,,,,,,,,,,
1989-04-01,,,,3.172,2.011,,,,,,,,,,,,,,,,
1989-05-01,,,,3.0993,2.0133,,,,,,,,,,,,,,,,
1989-06-01,,,,2.7628,1.8464,,,,,,,,,,,,,,,,
1989-07-01,,,,1.942,1.4383,,,,,,,,,,,,,,,,
1989-08-01,,,,1.7308,1.314,,,,,,,,,,,,,,,,
1989-09-01,,,,1.7289,1.3234,,,,,,,,,,,,,,,,
1989-10-01,,,,1.5135,1.1806,,,,,,,,,,,,,,,,
1989-11-01,,,,1.5624,1.1744,,,,,,,,,,,,,,,,
1989-12-01,,,,1.5977,1.1317,,,,,,,,,,,,,,,,
1990-01-01,,,,1.6761,1.0907,,,,,,,,,,,,,,,,
1990-02-01,,,,1.8508,1.1036,,,,,,,,,,,,,,,,
1990-03-01,,,,2.0885,1.2292,,,,,,,,,,,,,,,,
1990-04-01,,,,2.088,1.2335,,,,,,,,,,,,,,,,
1990-05-01,,,,2.0496,1.1821,,,,,,,,,,,,,,,,
1990-06-01,,,,1.9654,1.1171,,,,,,,,,,,,,,,,
1990-07-01,,,,1.9103,1.1039,,,,,,,,,,,,,,,,
1990-08-01,,,,2.0818,1.1856,,,,,,,,,,,,,,,,
1990-09-01,,,,2.103,1.228,,,,,,,,,,,,,,,,
1990-10-01,,,,2.019,1.2392,,,,,,,,,,,,,,,,
1990-11-01,,,,1.8678,1.2231,,,,,,,,,,,,,,,,
1990-12-01,,,,1.9661,1.2447,,,,,,,,,,,,,,,,
1991-01-01,,,,1.8945,1.1647,,,,,,,,,,,,,,,,
1991-02-01,,,,1.9667,1.1435,,,,,,,,,,,,,,,,
1991-03-01,,,,2.0628,1.1324,,,,,,,,,,,,,,,,
1991-04-01,,,,2.0273,1.1229,,,,,,,,,,,,,,,,
1991-05-01,,,,1.9375,1.0375,,,,,,,,,,,,,,,,
1991-06-01,,,,1.891,1.0005,,,,,,,,,,,,,,,,
1991-07-01,,,,1.8351,1.0005,,,,,,,,,,,,,,,,
1991-08-01,,,,1.8027,0.99,,,,,,,,,,,,,,,,
1991-09-01,,,,1.9193,1.0287,,,,,,,,,,,,,,,,
1991-10-01,,,,1.7586,1.0115,,,,,,,,,,,,,,,,
1991-11-01,,,,1.724,1.1112,,,,,,,,,,,,,,,,
1991-12-01,,,,1.6612,1.1197,,,,,,,,,,,,,,,,
1992-01-01,,73.03181818181818,48.81636363636364,1.6184,1.0765,,,,,,,,,,,,,,,,
1992-02-01,,69.298,43.5925,1.5091,0.9385,,,,,,,,,,,,,,,,
1992-03-01,,69.89363636363636,42.50954545454545,1.5514,0.9389,,,,,,,,,,,,,,,,
1992-04-01,,66.52227272727274,41.91409090909091,1.4533,0.9118,,,,,,,,,,,,,,,,
1992-05-01,,60.79666666666667,38.14761904761905,1.3417,0.8307,,,,,,,,,,,,,,,,
1992-06-01,,59.44818181818182,37.19045454545455,1.3027,0.8195,,,,,,,,,,,,,,,,
1992-07-01,,58.34913043478261,39.09782608695652,1.2831,0.864,,,,,,,,,,,,,,,,
1992-08-01,,53.35380952380952,39.00285714285714,1.1669,0.8565,,,,,,,,,,,,,,,,
1992-09-01,,51.67318181818182,40.905,1.1735,0.9034,,,,,,,,,,,,,,,,
1992-10-01,,50.83,40.88,1.3574,0.9742,,,,,,,,,,,,,,,,
1992-11-01,,52.51285714285714,44.75047619047619,1.4839,1.0509,,,,,,,,,,,,,,,,
1992-12-01,,75.13913043478261,49.88086956521739,1.7016,1.1202,,,,,,,,,,,,,,,,
1993-01-01,,71.81904761904762,47.65666666666667,1.5298,1.034,,,,,,,,,,,,,,,,
1993-02-01,,67.4365,46.788,1.4914,1.0361,,,,,,,,,,,,,,,,
1993-03-01,,64.68130434782609,46.33086956521739,1.4026,1.0119,,,,,,,,,,,,,,,,
1993-04-01,,58.41454545454545,44.615,1.2758,0.9894,,,,,,,,,,,,,,,,
1993-05-01,,61.65904761904762,45.89952380952381,1.3708,1.0179,,,,,,,,,,,,,,,,
1993-06-01,,63.19045454545455,46.69454545454545,1.3779,1.0267,,,,,,,,,,,,,,,,
1993-07-01,,70.47909090909091,48.95590909090909,1.5831,1.0891,,,,,,,,,,,,,,,,
1993-08-01,,76.18727272727273,57.77,1.6958,1.2888,,,,,,,,,,,,,,,,
1993-09-01,,81.12181818181818,62.88772727272727,1.7807,1.3779,,,,,,,,,,,,,,,,
1993-10-01,,76.64333333333333,59.01809523809524,1.6896,1.299,,,,,,,,,,,,,,,,
1993-11-01,,79.23863636363636,61.62045454545455,1.7328,1.355,,,,,,,,,,,,,,,,
1993-12-01,,82.55260869565217,62.41913043478261,1.7921,1.3627,,,,,,,,,,,,,,,,
1994-01-01,,79.58238095238094,59.91619047619048,1.7405,1.3093,,,,,,,,,,,,,,,,
1994-02-01,,83.2,60.6575,1.8503,1.3404,,,,,,,,,,,,,,,,
1994-03-01,,87.01478260869565,64.83826086956522,1.9181,1.4265,,,,,,,,,,,,,,,,
1994-04-01,,90.93761904761904,71.4652380952381,1.9967,1.5833,,,,,,,,,,,,,,,,
1994-05-01,,117.1663636363636,91.42818181818184,2.687,2.0933,,,,,,,,,,,,,,,,
1994-06-01,,133.3613636363636,106.0045454545455,3.1621,2.4776,,,,,,,,,,,,,,,,
1994-07-01,,201.41,150.9914285714286,4.8256,3.6155,,,,,,,,,,,,,,,,
1994-08-01,,199.1395652173913,159.8152173913043,4.4189,3.585,,,,,,,,,,,,,,,,
1994-09-01,,218.6804545454545,180.3768181818182,4.8943,4.0297,,,,,,,,,,,,,,,,
1994-10-01,,207.3138095238095,174.7385714285714,4.45,3.7352,,,,,,,,,,,,,,,,
1994-11-01,,188.1163636363636,159.1054545454545,4.0325,3.3803,,,,,,,,,,,,,,,,
1994-12-01,,162.265,127.5431818181818,3.7157,2.8601,,,,,,,,,,,,,,,,
1995-01-01,,171.0881818181818,128.9827272727273,3.8056,2.8999,,,,,,,,,,,,,,,,
1995-02-01,,167.475,133.759,3.7431,2.9694,,,,,,,,,,,,,,,,
1995-03-01,,179.2108695652174,145.9052173913043,3.9558,3.2194,,,,,,,,,,,,,,,,
1995-04-01,,173.237,144.7815,3.8449,3.1918,,,,,,,,,,,,,,,,
1995-05-01,,173.245652173913,142.8634782608696,3.7701,3.1063,,,,,,,,,,,,,,,,
1995-06-01,,158.6031818181818,130.5672727272727,3.4059,2.84,,,,,,,,,,,,,,,,
1995-07-01,,140.2966666666667,116.0595238095238,3.2112,2.6403,,,,,,,,,,,,,,,,
1995-08-01,,150.9917391304348,129.9269565217391,3.3777,2.87,,,,,,,,,,,,,,,,
1995-09-01,,137.1380952380952,117.2742857142857,2.9643,2.5364,,,,,,,,,,,,,,,,
1995-10-01,,127.0859090909091,112.5877272727273,2.8058,2.4859,,,,,,,,,,,,,,,,
1995-11-01,,125.2604545454545,110.6909090909091,2.7613,2.4412,,,,,,,,,,,,,,,,
1995-12-01,,106.3680952380952,93.27380952380952,2.3422,2.0479,,,,,,,,,,,,,,,,
1996-01-01,,107.9617391304348,88.64739130434783,2.4394,1.9839,,,,,,,,,,,,,,,,
1996-02-01,,124.7804761904762,97.5004761904762,2.7357,2.1361,,,,,,,,,,,,,,,,
1996-03-01,,120.807619047619,90.71333333333332,2.6641,2.0049,,,,,,,,,,,,,,,,
1996-04-01,,121.8831818181818,90.47590909090908,2.7227,1.9989,,,,,,,,,,,,,,,,
1996-05-01,,129.595652173913,91.30391304347826,2.8499,2.0106,,,,,,,,,,,,,,,,
1996-06-01,,125.03,86.1045,2.7659,1.8984,,,,,,,,,,,,,,,,
1996-07-01,,123.7008695652174,78.24739130434783,2.7,1.7077,,,,,,,,,,,,,,,,
1996-08-01,,125.5077272727273,79.02772727272728,2.7827,1.7465,,,,,,,,,,,,,,,,
1996-09-01,,119.812380952381,74.91380952380952,2.6169,1.6389,,,,,,,,,,,,,,,,
1996-10-01,,123.7769565217391,72.98695652173913,2.7381,1.6076,,,,,,,,,,,,,,,,
1996-11-01,,123.9138095238095,70.1247619047619,2.7353,1.5476,,,,,,,,,,,,,,,,
1996-12-01,,116.8936363636364,63.415,2.5798,1.3902,,,,,,,,,,,,,,,,
1997-01-01,,131.2339130434783,66.16478260869565,2.9291,1.4813,,,,,,,,,,,,,,,,
1997-02-01,,166.3255,75.402,3.7119,1.6623,,,,,,,,,,,,,,,,
1997-03-01,,193.4080952380952,79.91238095238096,4.2924,1.7688,,,,,,,,,,,,,,,,
1997-04-01,,205.4409090909091,77.48681818181818,4.5633,1.7062,,,,,,,,,,,,,,,,
1997-05-01,,265.6059090909091,92.01227272727272,5.8923,2.0635,,,,,,,,,,,,,,,,
1997-06-01,,226.7609523809524,90.19285714285714,4.8947,1.9564,,,,,,,,,,,,,,,,
1997-07-01,,190.1582608695652,80.51,4.1978,1.756,,,,,,,,,,,,,,,,
1997-08-01,,191.0990476190476,74.59761904761905,4.2064,1.6413,,,,,,,,,,,,,,,,
1997-09-01,,190.8645454545455,75.00318181818182,4.1859,1.6568,,,,,,,,,,,,,,,,
1997-10-01,,169.1491304347826,74.79739130434783,3.6963,1.6429,,,,,,,,,,,,,,,,
1997-11-01,,160.3115,75.8055,3.5333,1.6764,,,,,,,,,,,,,,,,
1997-12-01,,176.7795652173913,82.1886956521739,3.9119,1.821,,,,,,,,,,,,,,,,
1998-01-01,,176.9136363636364,83.105,3.9198,1.8389,,,,,,,,,,,,,,,,
1998-02-01,,178.374,83.522,3.9282,1.8378,,,,,,,,,,,,,,,,
1998-03-01,,158.39,81.88863636363637,3.4756,1.812,,,,,,,,,,,,,,,,
1998-04-01,,150.255,88.78272727272727,3.3146,1.9615,,,,,,,,,,,,,,,,
1998-05-01,,138.937619047619,91.42142857142856,3.0362,2.0005,,,,,,,,,,,,,,,,
1998-06-01,,126.6631818181818,83.60363636363635,2.7542,1.8239,,,,,,,,,,,,,,,,
1998-07-01,,116.9413043478261,76.9213043478261,2.5926,1.6984,,,,,,,,,,,,,,,,
1998-08-01,,123.6471428571429,79.06190476190476,2.7163,1.748,,,,,,,,,,,,,,,,
1998-09-01,,112.9440909090909,79.86772727272727,2.4659,1.7593,,,,,,,,,,,,,,,,
1998-10-01,,109.3872727272727,80.42227272727273,2.4189,1.7703,,,,,,,,,,,,,,,,
1998-11-01,,116.1219047619048,80.12761904761905,2.5655,1.7672,,,,,,,,,,,,,,,,
1998-12-01,,117.0560869565217,83.97347826086957,2.588,1.8532,,,,,,,,,,,,,,,,
1999-01-01,,114.227619047619,82.71142857142857,2.4903,1.8142,,,,,,,,,,,,,,,,
1999-02-01,,104.762,79.5725,2.3254,1.7467,,,,,,,,,,,,,,,,
1999-03-01,,105.1321739130435,73.62347826086958,2.3234,1.6186,,,,,,,,,,,,,,,,
1999-04-01,,102.8286363636364,69.76409090909091,2.2511,1.5282,,,,,,,,,,,,,,,,
1999-05-01,,111.3547619047619,68.03714285714285,2.4487,1.4978,,,,,,,,,,,,,,,,
1999-06-01,,108.1172727272727,66.03090909090909,2.3636,1.446,,,,,,,,,,,,,,,,
1999-07-01,,95.7918181818182,61.75590909090909,2.0911,1.3572,,,,,,,,,,,,,,,,
1999-08-01,,91.49954545454544,63.00590909090909,2.0144,1.3905,,,,,,,,,,,,,,,,
1999-09-01,,84.52409090909092,59.82863636363636,1.8587,1.3133,,,,,,,,,,,,,,,,
1999-10-01,,92.75904761904762,58.46857142857143,2.0768,1.2901,,,,,,,,,,,,,,,,
1999-11-01,,112.4509090909091,62.54272727272727,2.4996,1.39,,,,,,,,,,,,,,,,
1999-12-01,,123.1652173913043,66.4095652173913,2.7439,1.4725,,,,,,,,,,,,,,,,
2000-01-01,,111.8514285714286,54.06857142857143,2.4496,1.1724,,,,,,,,,,,,,,,,
2000-02-01,,104.0414285714286,48.98714285714286,2.2805,1.0772,,,,,,,,,,,,,,,,
2000-03-01,,100.6526086956522,46.25521739130435,2.2207,1.0196,,,,,,,,,,,,,,,,
2000-04-01,,94.65,44.561,2.0858,0.98,,,,,,,,,,,,,,,,
2000-05-01,,91.50608695652174,43.74217391304348,2.0756,0.9771,,,,,,,,,,,,,,,,
2000-06-01,,86.8940909090909,42.81954545454545,1.9057,0.9409,,,,,,,,,,,,,,,,
2000-07-01,,87.65619047619047,41.25428571428571,1.9257,0.8999,,,,,,,,,,,,,,,,
2000-08-01,,79.30391304347826,38.29130434782609,1.6958,0.8433,,,,,,,,,,,,,,,,
2000-09-01,,75.8352380952381,38.80380952380952,1.6707,0.8561,,,,,,,,,,,,,,,,
2000-10-01,,76.76454545454546,36.29272727272727,1.6901,0.7967,,,,,,,,,,,,,,,,
2000-11-01,,71.39045454545455,32.99409090909091,1.5772,0.7233,,,,,,,,,,,,,,,,
2000-12-01,,65.90333333333334,30.62809523809524,1.4586,0.6698,,,,,,,,,,,,,,,,
2001-01-01,,65.65260869565218,32.48739130434783,1.4546,0.7143,,,,,,,,,,,,,,,,
2001-02-01,,67.2755,31.4915,1.4813,0.6962,,,,,,,,,,,,,,,,
2001-03-01,,66.6659090909091,30.65181818181818,1.4661,0.6729,,,,,,,,,,,,,,,,
2001-04-01,,65.99761904761905,28.58047619047619,1.4579,0.6281,,,,,,,,,,,,,,,,
2001-05-01,,69.63130434782609,29.50695652173913,1.526,0.6512,,,,,,,,,,,,,,,,
2001-06-01,,63.84619047619048,29.14285714285714,1.4088,0.6431,,,,,,,,,,,,,,,,
2001-07-01,,58.94136363636364,27.51454545454545,1.2946,0.6047,,,,,,,,,,,,,,,,
2001-08-01,,59.33130434782609,25.95304347826087,1.3166,0.5692,,,,,,,,,,,,,,,,
2001-09-01,,58.267,24.473,1.2802,0.5351,,,,,,,,,,,,,,,,
2001-10-01,,56.36782608695652,23.23608695652174,1.2434,0.5124,,,,,,,,,,,,,,,,
2001-11-01,,58.84772727272727,23.67636363636364,1.2974,0.5221,,,,,,,,,,,,,,,,
2001-12-01,,56.5852380952381,24.31333333333333,1.2505,0.5368,,,,,,,,,,,,,,,,
2002-01-01,,58.24304347826087,22.82173913043478,1.2842,0.5029,,,,,,,,,,,,,,,,
2002-02-01,,59.116,24.3665,1.3034,0.5373,,,,,,,,,,,,,,,,
2002-03-01,,64.07047619047619,28.89952380952381,1.4213,0.6415,,,,,,,,,,,,,,,,
2002-04-01,,65.33681818181817,29.35772727272727,1.4425,0.6468,,,,,,,,,,,,,,,,
2002-05-01,,61.4604347826087,28.33695652173913,1.3536,0.6243,,,,,,,,,,,,,,,,
2002-06-01,,58.5555,28.42,1.2912,0.6266,,,,,,,,,,,,,,,,
2002-07-01,,56.47739130434783,28.5995652173913,1.2452,0.6305,,,,,,,,,,,,,,,,
2002-08-01,,54.36409090909091,27.87863636363636,1.1964,0.6146,,,,,,,,,,,,,,,,
2002-09-01,,60.66619047619048,32.00904761904762,1.3375,0.7072,,,,,,,,,,,,,,,,
2002-10-01,,65.73086956521739,33.26391304347826,1.4491,0.7348,,,,,,,,,,,,,,,,
2002-11-01,,69.86809523809524,37.90619047619048,1.5404,0.8358,,,,,,,,,,,,,,,,
2002-12-01,,63.65590909090909,38.03727272727273,1.4145,0.8391,,,,,,,,,,,,,,,,
2003-01-01,2838.5,65.38347826086957,41.05391304347826,1.445569,0.9078625,,,,,,,,,,,,,,,,
2003-02-01,,66.4085,40.6665,1.464088,0.896619,,,,,,,,,,,,,,,,
2003-03-01,,61.74809523809524,37.1747619047619,1.361353,0.8194572,,,,,,,,,,,,,,,,
2003-04-01,2919.39990234375,64.69227272727272,37.42772727272727,1.426169,0.8249688,,,,,,,,,,,,,,,,
2003-05-01,,66.09681818181818,37.74818181818182,1.460781,0.8333463,,,,,,,,,,,,,,,,
2003-06-01,,61.04666666666667,34.05380952380952,1.3457,0.7542005,,,,,,,,,,,,,,,,
2003-07-01,,62.95130434782609,35.34695652173913,1.387808,0.7793332,,,,,,,,,,,,,,,,
2003-08-01,,63.89142857142857,36.25666666666667,1.408532,0.800277,,,,,,,,,,,,,,,,
2003-09-01,,66.41045454545456,37.30863636363636,1.464099,0.8234256,,,,,,,,,,,,,,,,
2003-10-01,,64.28347826086957,35.88434782608696,1.417571,0.7910177,,,,,,,,,,,,,,,,
2003-11-01,,62.2775,34.1085,1.373037,0.7519958,,,,,,,,,,,,,,,,
2003-12-01,2693.0,64.88434782608697,35.96478260869565,1.429917,0.7914586,,,,,,,,,,,,,,,,
2004-01-01,2688.300048828125,72.02863636363637,39.51045454545455,1.603420126,0.878320608,,,,,,,,,,,,,,,,
2004-02-01,2641.199951171875,76.2255,37.077,1.680140902,0.81681171,,,,,,,,,,,,,,,,
2004-03-01,2620.199951171875,78.05913043478262,36.69565217391304,1.720926372,0.80909554,,,,,,,,,,,,,,,,
2004-04-01,2597.10009765625,75.53772727272727,36.41227272727273,1.663165328,0.801820294,,,,,,,,,,,,,,,,
2004-05-01,2673.800048828125,77.44,36.69285714285714,1.697336938,0.806009072,,,,,,,,,,,,,,,,
2004-06-01,2641.199951171875,82.21454545454544,39.87363636363636,1.812418102,0.878981994,,,,,,,,,,,,,,,,
2004-07-01,2559.60009765625,74.96772727272727,35.96181818181818,1.652142228,0.794104124,,,,,,,,,,,,,,,,
2004-08-01,2482.89990234375,73.60818181818182,33.91818181818182,1.622820782,0.747586642,,,,,,,,,,,,,,,,
2004-09-01,2536.300048828125,80.4659090909091,34.24318181818182,1.774057714,0.754861888,,,,,,,,,,,,,,,,
2004-10-01,2565.0,80.55095238095238,31.67190476190476,1.77582141,0.698203154,,,,,,,,,,,,,,,,
2004-11-01,2477.0,90.26772727272729,32.68863636363636,1.990110474,0.721131202,,,,,,,,,,,,,,,,
2004-12-01,2344.300048828125,104.3882608695652,36.9295652173913,2.295450344,0.809536464,,,,,,,,,,,,,,,,
2005-01-01,2362.0,107.1642857142857,36.95809523809524,2.362470792,0.814827552,,,,,,,,,,,,,,,,
2005-02-01,2328.0,120.8325,41.238,2.664503732,0.909185288,,,,,,,,,,,,,,,,
2005-03-01,2369.0,134.7778260869565,49.39739130434783,2.976898386,1.091507362,,,,,,,,,,,,,,,,
2005-04-01,2346.0,129.5295238095238,50.7547619047619,2.855644286,1.11884465,,,,,,,,,,,,,,,,
2005-05-01,2337.510009765625,128.3977272727273,56.19727272727273,2.830070694,1.236130434,,,,,,,,,,,,,,,,
2005-06-01,2326.0,121.1559090909091,60.02318181818182,2.671117592,1.323212924,,,,,,,,,,,,,,,,
2005-07-01,2195.60009765625,109.9285714285714,57.88142857142857,2.423538766,1.276034056,,,,,,,,,,,,,,,,
2005-08-01,2302.0,108.2039130434783,51.97391304347826,2.38539884,1.145741014,,,,,,,,,,,,,,,,
2005-09-01,2287.0,99.49090909090908,46.87363636363636,2.193376438,1.033305394,,,,,,,,,,,,,,,,
2005-10-01,2288.0,105.0990476190476,47.5947619047619,2.31595331,1.047855886,,,,,,,,,,,,,,,,
2005-11-01,2273.5,107.7422727272727,51.45181818181818,2.375257588,1.13427699,,,,,,,,,,,,,,,,
2005-12-01,2285.0,105.9245454545455,56.39363636363636,2.331826574,1.243185218,,,,,,,,,,,,,,,,
2006-01-01,2265.0,124.1986363636364,63.38863636363636,2.73813804,1.397508618,,,,,,,,,,,,,,,,
2006-02-01,2244.0,119.1215,62.978,2.626143344,1.388469676,,,,,,,,,,,,,,,,
2006-03-01,2293.0,113.6604347826087,59.6,2.505771092,1.31395352,,,,,,,,,,,,,,,,
2006-04-01,2263.199951171875,115.3375,60.506,2.544572404,1.33489741,,,,,,,,,,,,,,,,
2006-05-01,2406.10009765625,109.6295652173913,60.14521739130435,2.410972432,1.324535696,,,,,,,,,,,,,,,,
2006-06-01,2517.60009765625,103.1495454545455,60.23,2.27406553,1.327842626,,,,,,,,,,,,,,,,
2006-07-01,2321.0,104.997619047619,64.4947619047619,2.314851,1.421759438,,,,,,,,,,,,,,,,
2006-08-01,2395.0,111.73,73.5895652173913,2.463221926,1.622379858,,,,,,,,,,,,,,,,
2006-09-01,2287.10009765625,109.8266666666667,77.09761904761905,2.421334146,1.699982482,,,,,,,,,,,,,,,,
2006-10-01,2202.199951171875,110.6331818181818,75.1659090909091,2.438971106,1.657212854,,,,,,,,,,,,,,,,
2006-11-01,2194.800048828125,122.2654545454545,76.7909090909091,2.695588874,1.692927698,,,,,,,,,,,,,,,,
2006-12-01,2138.199951171875,128.3561904761905,76.96428571428571,2.831613928,1.690282154,,,,,,,,,,,,,,,,
2007-01-01,2142.800048828125,124.694347826087,79.20652173913042,2.745413286,1.744515806,,,,,,,,,,,,,,,,
2007-02-01,2126.0,122.032,79.0755,2.690297786,1.743413496,,,,,,,,,,,,,,,,
2007-03-01,2040.800048828125,117.0836363636364,76.99318181818182,2.581169096,1.6975574,,,,,,,,,,,,,,,,
2007-04-01,2012.0999755859373,114.6947619047619,79.51,2.52649452,1.754436596,,,,,,,,,,,,,,,,
2007-05-01,1877.5999755859373,113.3269565217391,83.91260869565217,2.496511688,1.849896642,,,,,,,,,,,,,,,,
2007-06-01,1917.4000244140625,119.3280952380952,92.68238095238095,2.630773046,2.043241816,,,,,,,,,,,,,,,,
2007-07-01,1940.5999755859373,117.6331818181818,92.5118181818182,2.593294506,2.039493962,,,,,,,,,,,,,,,,
2007-08-01,2143.800048828125,123.1508695652174,87.4395652173913,2.715871378,1.927719728,,,,,,,,,,,,,,,,
2007-09-01,1970.800048828125,128.0435,92.7835,2.822795448,2.045446436,,,,,,,,,,,,,,,,
2007-10-01,1958.5,134.2908695652174,90.97478260869563,2.960584198,2.00840882,,,,,,,,,,,,,,,,
2007-11-01,2041.800048828125,131.0454545454545,92.6131818181818,2.8880522,2.041257658,,,,,,,,,,,,,,,,
2007-12-01,1999.0999755859373,138.0428571428571,91.9390476190476,3.033116196,2.014802218,,,,,,,,,,,,,,,,
2008-01-01,1905.300048828125,139.8226086956522,98.96565217391304,3.083381532,2.187203502,,,,,,,,,,,,,,,,
2008-02-01,1809.300048828125,157.2895238095238,115.4480952380952,3.467646798,2.54523379,,,,,,,,,,,,,,,,
2008-03-01,1809.5,149.2204761904762,121.7738095238095,3.304504918,2.687872704,,,,,,,,,,,,,,,,
2008-04-01,1741.0,140.7045454545455,111.285,3.10190034,2.453521598,,,,,,,,,,,,,,,,
2008-05-01,1705.4000244140625,142.0436363636364,108.8340909090909,3.12945809,2.400390256,,,,,,,,,,,,,,,,
2008-06-01,1912.0,146.1495238095238,111.3371428571429,3.22205213,2.454623908,,,,,,,,,,,,,,,,
2008-07-01,1764.699951171875,147.3569565217391,115.2308695652174,3.248728032,2.540383626,,,,,,,,,,,,,,,,
2008-08-01,1888.800048828125,146.4280952380952,112.6757142857143,3.228225066,2.481520272,,,,,,,,,,,,,,,,
2008-09-01,2190.10009765625,143.2690909090909,105.3777272727273,3.158559074,2.323228556,,,,,,,,,,,,,,,,
2008-10-01,2344.10009765625,123.5869565217391,88.76826086956522,2.724689858,1.957041174,,,,,,,,,,,,,,,,
2008-11-01,2290.800048828125,121.886,90.764,2.687211318,2.000913112,,,,,,,,,,,,,,,,
2008-12-01,2284.5,118.7921739130435,81.89782608695651,2.622836414,1.819031962,,,,,,,,,,,,,,,,
2009-01-01,2351.199951171875,127.8072727272727,82.49863636363636,2.82852746,1.824102588,,,,,,,,,,,,,,,,
2009-02-01,2519.800048828125,129.4815,80.2195,2.854541976,1.768546164,,,,,,,,,,,,,,,,
2009-03-01,2553.0,128.52,76.30772727272728,2.833377624,1.682345522,,,,,,,,,,,,,,,,
2009-04-01,2291.0,135.0781818181818,75.70409090909091,2.973591456,1.665149486,,,,,,,,,,,,,,,,
2009-05-01,2165.10009765625,150.492380952381,75.57095238095238,3.328755738,1.667133644,,,,,,,,,,,,,,,,
2009-06-01,2148.0,149.7813636363636,73.77681818181819,3.302300298,1.626789098,,,,,,,,,,,,,,,,
2009-07-01,2009.9000244140625,140.8978260869565,71.67739130434784,3.10630958,1.580271616,,,,,,,,,,,,,,,,
2009-08-01,2053.0,149.7619047619048,72.35142857142857,3.301638912,1.59504257,,,,,,,,,,,,,,,,
2009-09-01,1924.0,148.51,73.82227272727273,3.274522086,1.627450484,,,,,,,,,,,,,,,,
2009-10-01,1943.5999755859373,154.5722727272727,73.50681818181818,3.407681134,1.620616162,,,,,,,,,,,,,,,,
2009-11-01,1998.0,152.2104761904762,69.48238095238095,3.355652102,1.531769976,,,,,,,,,,,,,,,,
2009-12-01,2039.0,157.9439130434783,69.6104347826087,3.4868159689,1.5407207332,,,,,,,,,,,,,,,,
2010-01-01,1970.199951171875,158.6557142857143,69.9395238095238,3.50314118,1.544997696,,,,,,,,,,,,,,,,
2010-02-01,1896.199951171875,157.8565,67.8845,3.480213132,1.496496056,,,,,,,,,,,,,,,,
2010-03-01,1915.550048828125,164.5026086956522,67.24739130434783,3.6265999,1.48260695,,,,,,,,,,,,,,,,
2010-04-01,1954.0,169.3895454545455,71.63636363636364,3.731098888,1.576744224,,,,,,,,,,,,,,,,
2010-05-01,1931.199951171875,173.3690476190476,70.72380952380952,3.820165536,1.556682182,,,,,,,,,,,,,,,,
2010-06-01,1915.0,190.9031818181818,76.92181818181818,4.20861958,1.695793704,,,,,,,,,,,,,,,,
2010-07-01,1840.0,203.2136363636364,85.27318181818183,4.480008302,1.879879474,,,,,,,,,,,,,,,,
2010-08-01,1826.0,211.59,82.69636363636364,4.664755458,1.822779816,,,,,,,,,,,,,,,,
2010-09-01,1763.0,222.7131818181818,81.27818181818182,4.909909202,1.791915136,,,,,,,,,,,,,,,,
2010-10-01,1833.0,217.4390476190476,85.11952380952381,4.798134968,1.879879474,,,,,,,,,,,,,,,,
2010-11-01,1942.0,233.5127272727273,91.9890909090909,5.147346776,2.029132248,,,,,,,,,,,,,,,,
2010-12-01,1915.0,249.4439130434783,94.06260869565216,5.471205454,2.074326958,,,,,,,,,,,,,,,,
2011-01-01,1866.4000244140625,263.7657142857143,101.09,5.815126174,2.228650358,,,,,,,,,,,,,,,,
2011-02-01,1906.0,288.3885,109.35,6.346880518,2.41075197,,,,,,,,,,,,,,,,
2011-03-01,1870.0,292.0673913043478,118.1291304347826,6.439033634,2.604317606,,,,,,,,,,,,,,,,
2011-04-01,1740.0999755859375,300.4771428571429,117.4,6.616505544,2.587562494,,,,,,,,,,,,,,,,
2011-05-01,1801.0,291.0659090909091,121.9831818181818,6.417428358,2.689195476,,,,,,,,,,,,,,,,
2011-06-01,1767.5,274.9809090909091,117.9540909090909,6.062264076,2.60034929,,,,,,,,,,,,,,,,
2011-07-01,1719.199951171875,268.0214285714286,112.7304761904762,5.908822524,2.485268126,,,,,,,,,,,,,,,,
2011-08-01,1779.5,270.4404347826087,112.0665217391304,5.962174328,2.470717634,,,,,,,,,,,,,,,,
2011-09-01,1928.0,274.8804545454545,106.0572727272727,6.060059456,2.338219972,,,,,,,,,,,,,,,,
2011-10-01,1829.5,247.8238095238095,98.10380952380952,5.463489284,2.16273222,,,,,,,,,,,,,,,,
2011-11-01,1949.0,245.0872727272727,97.24090909090908,5.403303158,2.143772488,,,,,,,,,,,,,,,,
2011-12-01,1896.5999755859373,236.2977272727273,98.755,5.218556002,2.169566542,,,,,,,,,,,,,,,,
2012-01-01,1809.0,237.2068181818182,96.71772727272727,5.229508955,2.132308464,,,,,,,,,,,,,,,,
2012-02-01,1767.0,224.157619047619,101.9809523809524,4.941876192,2.247169166,,,,,,,,,,,,,,,,
2012-03-01,1753.5,201.2559090909091,103.5709090909091,4.437018212,2.283324934,,,,,,,,,,,,,,,,
2012-04-01,1762.0,191.4485714285714,101.7971428571429,4.22074499,2.24430316,,,,,,,,,,,,,,,,
2012-05-01,1791.4000244140625,184.3647826086957,107.0886956521739,4.07083083,2.356297856,,,,,,,,,,,,,,,,
2012-06-01,1756.0999755859375,168.6866666666667,105.6961904761905,3.718973478,2.33028334,,,,,,,,,,,,,,,,
2012-07-01,1792.0,190.4459090909091,107.0622727272727,4.19869879,2.360266172,,,,,,,,,,,,,,,,
2012-08-01,1819.0,174.824347826087,106.5208695652174,3.85421253704,2.34838039461,,,,,,,,,,,,,,,,
2012-09-01,1797.0,178.977,104.95,3.945828876,2.31374869,,,,,,,,,,,,,,,,
2012-10-01,1829.0,173.3173913043478,104.4669565217391,3.821047384,2.303166514,,,,,,,,,,,,,,,,
2012-11-01,1811.0,159.9063636363636,97.67181818181818,3.525407842,2.153252354,,,,,,,,,,,,,,,,
2012-12-01,1766.0,152.707619047619,96.59857142857145,3.367336588,2.129442458,,,,,,,,,,,,,,,,
2013-01-01,1775.0,157.0373913043478,99.56217391304348,3.467646798,2.197785678,,,,,,,,,,,,,,,,
2013-02-01,1814.0,149.459,104.0325,3.295025052,2.293466186,,,,,,,,,,,,,,,,
2013-03-01,1828.0,149.8080952380952,106.0709523809524,3.302079836,2.342629212,,,,,,,,,,,,,,,,
2013-04-01,1824.5,149.7868181818182,101.6718181818182,3.302741222,2.241657616,,,,,,,,,,,,,,,,
2013-05-01,1903.0,147.1860869565217,99.17521739130436,3.24489391026,2.18643667765,,,,,,,,,,,,,,,,
2013-06-01,1928.0,138.2595,90.7855,3.0480965889,2.0014752901,,,,,,,,,,,,,,,,
2013-07-01,1895.0,138.3873913043478,95.20695652173912,3.05091610617,2.09895160487,,,,,,,,,,,,,,,,
2013-08-01,2000.0,135.1540909090909,94.0109090909091,2.979634119,2.072583304,,,,,,,,,,,,,,,,
2013-09-01,1907.25,132.2814285714286,87.77666666666667,2.91630283057,1.93514194867,,,,,,,,,,,,,,,,
2013-10-01,1885.5,128.6986956521739,83.69608695652174,2.83734594,1.84526694,,,,,,,,,,,,,,,,
2013-11-01,1960.7843017578125,122.0180952380952,79.70619047619049,2.69003533124,1.75721861648,,,,,,,,,,,,,,,,
2013-12-01,1929.0,125.7354545454545,87.71818181818182,2.777159814,1.937640518,,,,,,,,,,,,,,,,
2014-01-01,2016.0,132.5182608695652,87.6886956521739,2.926192126,1.934113126,,,,,,,,,,,,,,,,
2014-02-01,2042.5,173.6435,95.8995,3.828102168,2.11423058,,,,,,,,,,,,,,,,
2014-03-01,1969.0,214.0866666666667,105.3690476190476,4.719870958,2.323008094,,,,,,,,,,,,,,,,
2014-04-01,1935.0,223.4940909090909,105.5718181818182,4.926884776,2.32697641,,,,,,,,,,,,,,,,
2014-05-01,1896.0,214.2027272727273,102.985,4.72229604,2.270538138,,,,,,,,,,,,,,,,
2014-06-01,1877.0,197.8909523809524,98.91142857142856,4.362722518,2.180589642,,,,,,,,,,,,,,,,
2014-07-01,1875.0,196.8952173913043,101.7865217391304,4.34089678,2.244082698,,,,,,,,,,,,,,,,
2014-08-01,1960.7843017578125,212.9652380952381,100.2542857142857,4.695179214,2.21013155,,,,,,,,,,,,,,,,
2014-09-01,1981.0999755859373,210.5263636363636,100.5227272727273,4.641386486,2.216084024,,,,,,,,,,,,,,,,
2014-10-01,2019.5,225.285652173913,104.6986956521739,4.966788398,2.30823714,,,,,,,,,,,,,,,,
2014-11-01,2222.22216796875,209.376,103.0585,4.616033356,2.272081372,,,,,,,,,,,,,,,,
2014-12-01,2375.0,193.3860869565217,98.28652173913044,4.339133084,2.197344754,,,,,,,,,,,,,,,,
2015-01-01,2439.0244140625,189.6263636363636,97.885,4.188778,2.160748062,,,,,,,,,,,,,,,,
2015-02-01,2564.1025390625,178.8885,98.362,3.943844718,2.168464232,,,,,,,,,,,,,,,,
2015-03-01,2529.89990234375,160.7359090909091,92.16090909090909,3.543706188,2.031777792,,,,,,,,,,,,,,,,
2015-04-01,2393.0,163.9977272727273,92.0409090909091,3.6155768,2.029573172,,,,,,,,,,,,,,,,
2015-05-01,2534.0,158.4828571428571,87.55714285714286,3.493881776,1.930365272,,,,,,,,,,,,,,,,
2015-06-01,2603.0,159.755,90.245,3.522100912,1.98966955,,,,,,,,,,,,,,,,
2015-07-01,2879.0,154.4465217391304,87.12086956521739,3.40503559,1.920664944,,,,,,,,,,,,,,,,
2015-08-01,3030.89990234375,156.9233333333333,85.77666666666667,3.459489704,1.891123036,,,,,,,,,,,,,,,,
2015-09-01,3087.0,146.1468181818182,81.495,3.22205213,1.7967653,,,,,,,,,,,,,,,,
2015-10-01,2941.176513671875,153.2504545454545,82.77909090909091,3.37858015,1.824984436,,,,,,,,,,,,,,,,
2015-11-01,3144.0,147.9785714285714,81.74095238095238,3.262396676,1.802056388,,,,,,,,,,,,,,,,
2015-12-01,3138.0,148.6121739130435,79.27478260869565,3.277388092,1.747822736,,,,,,,,,,,,,,,,
2016-01-01,3333.333251953125,145.4347619047619,74.92571428571429,3.197360386,1.647071602,,,,,,,,,,,,,,,,
2016-02-01,3297.60009765625,147.6971428571429,74.04142857142857,3.25622374,1.632300648,,,,,,,,,,,,,,,,
2016-03-01,2999.0,157.6313043478261,75.6791304347826,3.4722765,1.66669272,,,,,,,,,,,,,,,,
2016-04-01,2818.89990234375,154.217619047619,80.17714285714285,3.399964964,1.767664316,,,,,,,,,,,,,,,,
2016-05-01,3088.0,155.1945454545455,83.93318181818182,3.421349778,1.850337566,,,,,,,,,,,,,,,,
2016-06-01,2881.60009765625,165.4522727272727,85.94045454545456,3.64754379,1.894650428,,,,,,,,,,,,,,,,
2016-07-01,3125.0,171.7638095238095,90.8157142857143,3.786655312,2.002235884,,,,,,,,,,,,,,,,
2016-08-01,2893.800048828125,167.5413043478261,91.78652173913044,3.693620348,2.023620698,,,,,,,,,,,,,,,,
2016-09-01,2828.699951171875,176.2954545454545,96.88272727272728,3.88674506,2.135835856,,,,,,,,,,,,,,,,
2016-10-01,2938.199951171875,178.9552380952381,103.6466666666667,3.945387952,2.28508863,,,,,,,,,,,,,,,,
2016-11-01,3072.75,184.1154545454545,103.7190909090909,4.059146344,2.286631864,,,,,,,,,,,,,,,,
2016-12-01,3000.25,161.7809090909091,101.8545454545455,3.566634236,2.24540547,,,,,,,,,,,,,,,,
2017-01-01,2915.0,168.6127272727273,108.32,3.717209782,2.388044384,,,,,,,,,,,,,,,,
2017-02-01,2918.10009765625,166.351,106.49,3.66738537,2.347699838,,,,,,,,,,,,,,,,
2017-03-01,2846.89990234375,160.1504347826087,106.734347826087,3.53069893,2.352990926,,,,,,,,,,,,,,,,
2017-04-01,2940.139892578125,155.574,103.7605,3.42597948,2.283545396,,,,,,,,,,,,,,,,
2017-05-01,2916.0,150.0,98.3591304347826,3.30693,2.168464232,,,,,,,,,,,,,,,,
2017-06-01,3042.280029296875,143.2227272727273,101.9290909090909,3.157456764,2.24761009,,,,,,,,,,,,,,,,
2017-07-01,2983.25,149.8028571428571,104.9380952380952,3.299434292,2.313528228,,,,,,,,,,,,,,,,
2017-08-01,2948.679931640625,149.8773913043478,104.5165217391304,3.304284456,2.304268824,,,,,,,,,,,,,,,,
2017-09-01,3030.302978515625,146.5604761904762,99.1842857142857,3.231091072,2.186542116,,,,,,,,,,,,,,,,
2017-10-01,3040.050048828125,140.7095454545455,98.39136363636364,3.102120802,2.169125618,,,,,,,,,,,,,,,,
2017-11-01,2950.699951171875,140.9040909090909,91.32772727272727,3.10630958,2.013479446,,,,,,,,,,,,,,,,
2017-12-01,3014.27001953125,137.3061904761905,87.5647619047619,3.029588804,1.931026658,,,,,,,,,,,,,,,,
2018-01-01,2828.0,138.8760869565217,88.60739130434783,3.060233022,1.95439563,763903.2258064516,762000.0,742000.0,810000.0,143.4809677419355,115.60045454545455,1131.0,1053.0,222.0149,115.6,143.77,138.81,123.67,88.65,127.65,78.9
2018-02-01,2865.0,136.2835,89.2025,3.004456136,1.967402888,745031.25,745031.25,728375.0,772500.0,142.35107142857146,114.19000000000004,1212.0,1098.0,219.84913,114.19,141.5,136.28,120.83,89.24,123.82,80.38
2018-03-01,2793.0,134.9390909090909,88.14090909090909,2.976898386,1.944033916,729854.8387096775,729758.0645161291,705000.0,760000.0,139.79032258064518,112.9904761904762,1037.0,1035.837,241.495,112.99,139.45,135.03,119.8,88.18,121.66,79.86
2018-04-01,2802.0,134.3395238095238,88.30571428571429,2.961686508,1.946899922,715325.0,715325.0,690000.0,750000.0,138.9966666666667,112.56333333333332,874.0,924.926,230.7505,112.56,139.29,134.34,118.76,88.31,120.17,79.36
2018-05-01,2877.0,135.6095652173913,88.7395652173913,2.989685182,1.956379788,754209.6774193548,754209.6774193548,725000.0,784000.0,140.50354838709677,113.33782608695653,1188.0,950.765,189.0672909,113.34,140.26,135.61,119.57,88.74,122.5,79.85
2018-06-01,2944.5,134.0338095238095,86.06952380952382,2.954852186,1.897516434,746400.0,746400.0,728000.0,772000.0,139.17233333333334,110.43571428571433,1087.0,915.101,180.077141,110.44,138.55,134.03,115.1,86.07,120.19,77.4
2018-07-01,2870.0,130.5986363636364,84.41772727272728,2.87923372,1.861140204,717838.7096774194,717838.7096774194,700500.0,740000.0,134.84709677419357,107.20533333333331,1051.0,1075.909,213.5226,107.2,133.92,130.6,110.54,84.42,114.06,75.56
2018-08-01,3026.89990234375,125.2108695652174,80.7395652173913,2.760404702,1.780010188,705064.5161290322,705064.5161290322,673000.0,723000.0,130.99322580645162,102.7237931034483,1258.0,1024.859,205.232311,102.41,129.99,125.21,104.46,80.74,108.12,71.94
2018-09-01,2983.0,121.18,76.7,2.671558516,1.69094354,686933.3333333334,686933.3333333334,653000.0,724000.0,126.52533333333336,98.17299999999996,1050.0,1098.406,214.04337,98.17,125.74,121.18,99.87,76.7,102.83,68.03
2018-10-01,3204.0,137.3417391304348,85.31826086956522,3.027825108,1.880981784,796774.1935483871,796774.1935483871,690000.0,855000.0,138.80451612903224,111.00590909090909,1086.0,1057.659,205.33349,111.21,140.83,137.34,115.59,85.32,119.73,77.16
2018-11-01,3236.0,137.1077272727273,83.51545454545455,3.022754482,1.841298624,804283.3333333334,804306.4516129033,762000.0,852000.0,140.75033333333337,109.59000000000002,1300.0,1233.452,240.85451,109.59,139.27,137.11,113.27,83.52,117.06,75.23
2018-12-01,3245.0,127.0585714285714,77.53904761904762,2.80207202,1.710123734,727645.1612903225,727645.1612903225,700500.0,762000.0,129.62290322580648,100.61149999999998,1283.0,1282.996,252.39673,100.61,127.86,127.1,102.1,77.57,105.79,69.59
2019-01-01,3161.0,128.3573913043478,78.20086956521739,2.832054852,1.724894688,727274.1935483871,727274.1935483871,705000.0,750000.0,128.67580645161289,101.55636363636364,1296.0,1166.335,226.9048709299999,101.56,129.28,128.46,102.94,78.24,107.93,70.32
2019-02-01,3069.0,128.454,78.6535,2.83183439,1.73393363,708089.2857142857,708089.2857142857,670000.0,740000.0,128.96964285714284,100.67000000000004,1106.0,1245.588,253.2847778999999,100.67,127.93,128.45,100.06,78.65,104.12,70.52
2019-03-01,3189.5,123.8885714285714,76.95761904761905,2.731303718,1.696675552,690580.6451612903,690580.6451612903,674000.0,703000.0,125.46709677419354,97.49904761904762,914.0,1140.585,221.95382937000005,97.5,125.23,123.89,95.81,76.96,98.84,68.61
2019-04-01,3249.300048828125,120.9904545454545,73.25772727272727,2.670456206,1.615545536,680566.6666666666,680566.6666666666,655000.0,704000.0,124.07266666666668,94.42299999999996,1031.0,872.342,166.83117485000002,94.42,124.42,121.13,92.47,73.28,95.31,65.06
2019-05-01,3362.0,120.5491304347826,71.11826086956522,2.65766941,1.567925744,724064.5161290322,724064.5161290322,688000.0,835000.0,123.1348387096774,93.32608695652172,1115.0,1028.036,189.92028895000027,93.33,124.4,120.55,91.95,71.12,94.86,62.45
2019-06-01,3196.39990234375,129.7235,73.9925,2.860053526,1.631859724,779916.6666666666,779916.6666666666,740000.0,835000.0,132.76999999999998,99.9695,1211.0,1110.195,202.20442636000007,99.97,133.49,129.73,100.69,74.02,104.44,65.41
2019-07-01,3296.0,135.4704347826087,73.92782608695651,2.986598714,1.629875566,796483.8709677419,796483.8709677419,762000.0,840000.0,138.41451612903225,103.00826086956522,1317.0,1121.937,211.68189927,103.01,137.63,135.47,105.43,73.93,109.01,64.83
2019-08-01,3436.0,126.2795454545455,70.81136363636364,2.782891826,1.560209574,798935.4838709678,798935.4838709678,778000.0,815000.0,129.89419354838708,96.06681818181818,1119.0,1214.031,232.61787761,96.07,129.2,126.23,95.85,70.78,99.87,60.9
2019-09-01,3400.699951171875,128.8942857142857,70.64428571428572,2.841534718,1.557343568,815450.0,815450.0,778000.0,852000.0,131.355,97.73952380952382,1088.0,1008.672,193.01737154,97.74,131.9,128.89,98.73,70.64,102.81,60.31
2019-10-01,3387.0,127.0513043478261,68.63391304347826,2.799646938,1.513030706,819580.6451612903,819580.6451612903,792000.0,858000.0,131.878260869565,97.34521739130436,1369.0,1211.405,226.973319,97.35,132.09,126.99,98.1,68.63,102.41,58.34
2019-11-01,3515.300048828125,140.9814285714286,73.27619047619048,3.108073276,1.615545536,909600.0,909600.0,850000.0,985000.0,143.5175,107.23333333333332,1506.0,1162.209,217.765918,107.23,146.12,140.98,109.94,73.28,113.31,63.0
2019-12-01,3283.010009765625,156.0290909090909,73.31045454545455,3.455080464,1.614443226,999129.0322580644,999129.0322580644,950000.0,1055000.0,160.1652380952381,117.37428571428572,1680.0,1386.297,264.009415,117.37,161.5,157.11,126.36,73.22,131.44,63.87
2020-01-01,3413.25,142.9365217391304,70.58391304347826,3.134749178,1.55535941,886161.2903225806,886161.2903225806,830000.0,975000.0,150.79619047619047,106.88545454545456,1050.0,1064.879,212.663065,106.89,147.52,142.19,110.73,70.55,117.05,61.03
2020-02-01,3500.25,135.5005,68.0665,2.9872601,1.500684834,909103.448275862,909103.448275862,813000.0,1014000.0,144.128947368421,101.997,1001.0,1078.06,234.412508,102.0,146.43,135.5,102.62,68.07,106.69,59.02
2020-03-01,4061.550048828125,148.3272727272727,67.45681818181818,3.270112846,1.487236652,1143193.5483870967,1143193.5483870967,995000.0,1315000.0,157.30500000000004,109.04909090909092,806.0,947.844,194.727,109.05,158.99,148.33,112.87,67.46,116.09,57.39
2020-04-01,3919.0,154.6304545454545,64.02272727272727,3.406578824,1.410074952,1175566.6666666667,1175566.6666666667,1090000.0,1223000.0,164.62190476190477,108.91318181818184,744.0,642.031,163.721,108.91,161.92,154.52,111.22,63.97,115.55,54.4
2020-05-01,3698.260009765625,149.9161904761905,64.53714285714285,3.303402608,1.422641286,1068870.9677419355,1068870.9677419355,962000.0,1139000.0,155.81799999999998,104.43714285714287,1186.0,893.575,183.091,104.45,154.96,149.84,101.69,64.53,107.54,54.67
2020-06-01,3743.75,141.52,64.61681818181818,3.119978224,1.424625444,962800.0,962800.0,939000.0,1006000.0,149.23772727272728,99.08913043478262,1362.0,1111.473,227.897,99.05,147.16,141.52,92.56,64.62,99.5,54.77
2020-07-01,3720.35009765625,146.7808695652174,67.68652173913043,3.235941236,1.492307278,1001451.6129032258,1001451.6129032258,942000.0,1140000.0,151.29000000000002,103.66260869565218,1310.0,1131.186,237.775008,103.66,153.38,146.78,97.96,67.69,106.2,57.92
2020-08-01,3743.75,163.0714285714286,72.63857142857142,3.59904215,1.602317816,1143967.741935484,1143967.741935484,1082000.0,1200000.0,167.6309523809524,114.77714285714286,1091.0,1131.0,232.51,114.78,167.22,163.25,111.79,72.68,120.98,62.89
2020-09-01,3885.199951171875,166.5645454545455,72.77318181818183,3.672015072,1.604301974,1142233.3333333333,1142666.6666666667,1070000.0,1225000.0,169.84,116.25227272727275,995.0,887.494,189.117923250001,116.25,168.36,166.56,113.81,72.77,122.08,63.35
2020-10-01,3859.5,152.0568181818182,68.35772727272727,3.352345172,1.507078232,1052483.8709677418,1052483.8709677418,1010000.0,1082000.0,156.75363636363633,105.8509090909091,1159.0,1051.833,218.85758802,105.85,154.28,152.06,100.37,68.36,110.7,59.14
2020-11-01,3605.14990234375,150.7261904761905,72.38238095238096,3.323023726,1.595703956,1044700.0,1044700.0,996000.0,1105000.0,161.6,109.60428571428572,1443.0,1278.603,274.09260916,109.7,161.21,150.73,106.41,72.38,115.48,62.82
2020-12-01,3420.25,157.9526086956522,71.94608695652174,3.479110822,1.588208248,1047677.4193548388,1047677.4193548388,1010000.0,1086000.0,169.99,114.73545454545456,1743.0,1309.0,285.73358587,114.74,170.44,157.81,114.96,72.04,124.46,62.41
2021-01-01,3567.260009765625,160.8195238095238,70.81380952380952,3.542383416,1.559327726,1073193.5483870967,1073193.5483870967,1020000.0,1115000.0,175.23947368421054,115.7265,1081.0,1072.0,235.741313050001,115.73,173.42,160.69,116.69,70.71,127.59,60.54
2021-02-01,3608.699951171875,166.429,73.3715,3.669149066,1.617529694,1113535.7142857143,1118285.7142857143,1053000.0,1225000.0,177.27789473684211,119.351,1107.0,1273.64,283.47345337,119.35,176.96,166.43,120.06,73.37,129.69,63.07
2021-03-01,3728.25,167.0508695652174,73.8595652173913,3.68281771,1.628332332,1156032.258064516,1156032.258064516,1132000.0,1195000.0,179.1478260869565,120.35565217391306,1050.0,1128.007,252.61518186,120.36,177.49,167.05,122.16,73.86,131.72,63.9
2021-04-01,3713.360107421875,168.6486363636364,74.465,3.71809163,1.641560052,1207433.3333333333,1207433.3333333333,1126000.0,1340000.0,181.6809523809524,122.02545454545452,810.0,1035.027,241.311511929999,122.03,181.7,168.65,124.18,74.47,134.77,63.76
2021-05-01,3706.25,186.4628571428571,79.68380952380951,4.110734452,1.756641216,1385935.4838709678,1385935.4838709678,1319000.0,1470000.0,196.25900000000004,134.7764534294251,616.0,345.0,86.72255503,134.78,199.02,186.46,140.85,79.68,152.42,69.15
2021-06-01,3765.75,192.0645454545455,84.92727272727274,4.243011652,1.870179146,1420800.0,1420800.0,1387000.0,1470000.0,206.10636363636365,141.02326032022293,1052.0,890.284,216.17543633,141.03,206.53,192.45,148.12,84.85,156.43,73.16
2021-07-01,3845.85009765625,204.5009090909091,94.08909090909091,4.503818198,2.080499894,1562741.935483871,1562741.935483871,1380000.0,1905000.0,214.44,152.2424558998325,1209.0,1184.276,290.39679935,152.24,218.66,204.29,160.62,94.37,168.55,81.17
2021-08-01,3815.0,216.4345454545455,94.88818181818182,4.767270288,2.098357316,1704806.4516129033,1704806.4516129033,1638000.0,1797000.0,226.90090909090904,160.14,915.0,1130.973,287.77030789,160.14,225.4,216.24,174.89,95.18,181.93,84.72
2021-09-01,3834.25,225.5368181818182,104.5895454545455,4.972299948,2.30603252,1712138.0,1712566.6666666667,1660000.0,1783000.0,238.32,170.02,1209.0,1089.832,283.758539349999,170.02,240.38,225.54,183.72,104.6,191.3,94.91
2021-10-01,3777.75,241.0733333333333,105.3047619047619,5.314456972,2.320142088,1784935.4838709678,1784935.4838709678,1705000.0,1840000.0,257.12571428571425,181.5669723456905,1012.0,986.834,271.47765522,181.57,258.87,241.06,199.98,105.24,206.05,96.36
2021-11-01,4033.25,258.9781818181818,109.4345454545455,5.709083952,2.41185428,1999655.1724137927,2006500.0,1815000.0,2205000.0,273.63523809523804,195.1705015355246,1131.0,1135.451,315.49001313,195.17,279.56,258.95,218.9,109.4,223.94,100.3
2021-12-01,4068.25,268.3291304347826,112.4647826086957,5.910145296,2.483724892,2116483.870967742,2116483.870967742,2048000.0,2218000.0,291.94772727272726,203.0641365167007,1385.0,1167.18,329.082261140001,203.06,290.57,267.71,230.26,112.76,234.14,104.14
2022-01-01,3912.49755859375,271.0814285714286,109.712380952381,5.976283896,2.425082,2148333.333333333,2149354.8387096776,2074000.0,2215000.0,293.1955,204.2941859123352,868.0,1031.827,299.29948004,204.29,294.93,271.08,185.22,233.8,37.28,109.71
2022-02-01,3853.7451171875,279.8335,109.4265,6.169188146,2.412515666,2213333.333333333,2213642.8571428573,2125000.0,2307000.0,305.51842105263154,210.89149837121604,928.0,983.233,295.0,210.89,306.36,279.83,245.05,109.44,245.38,100.58
2022-03-01,3749.389892578125,258.9934782608696,103.9247826086957,5.698501776,2.288836484,1988774.1935483871,1988774.1935483871,1912000.0,2125000.0,287.9069565217392,194.783913043478,914.0,1120.626,346.833328,194.78,285.81,258.49,222.03,103.82,222.44,95.21
2022-04-01,3971.550048828125,265.397619047619,103.96,5.854147948,2.291041104,2027448.2758620689,2025466.6666666667,1958000.0,2090000.0,292.57800000000003,198.3709523809524,750.0,848.0,258.0,198.37,292.64,265.4,226.11,103.96,225.37,95.07
2022-05-01,3930.159912109375,260.4495454545455,103.155,5.741271404,2.27296322,2096733.33333333,2098612.9032258065,2005000.0,2179000.0,285.1871428571429,193.7070406396392,1017.0,944.263,279.00063393999983,193.71,286.44,260.42,217.84,103.1,218.61,94.31
2022-06-01,4107.52001953125,273.7636363636364,103.8454545454545,6.033824478,2.288616022,2172233.333333333,2172233.333333333,2105000.0,2289000.0,301.2422727272727,202.4577239711359,951.0,939.0,288.0,202.46,301.57,273.69,230.4,103.81,229.38,94.48
2022-07-01,4373.580078125,255.9066666666667,100.4442857142857,5.639197498,2.212115708,2250290.3225806453,2250290.3225806453,2105000.0,2365000.0,286.9865000000001,190.81792804666995,943.599220188862,1020.512,315.135522140001,190.82,286.07,255.91,214.8,100.44,210.84,89.6
2022-08-01,4411.919921875,268.4834782608696,109.6891304347826,5.917861466,2.41736583,2315548.0,2315548.3870967743,2180000.0,2530000.0,292.52,200.11,949.0,872.0,280.0,200.11,295.66,268.43,221.91,109.65,218.53,98.75
2022-09-01,4526.9501953125,267.4922727272727,111.3581818181818,5.897138038,2.455064832,2398966.6666666665,2398966.6666666665,2309000.0,2514000.0,296.45714285714286,199.92988980574688,834.0,816.0,263.0,199.63,294.09,267.49,219.59,111.36,218.24,100.49
2022-10-01,4833.259765625,240.082380952381,103.0119047619048,5.292851696,2.270979062,2277290.0,2277290.3225806453,2040000.0,2445000.0,269.49,178.5395238095238,888.0,944.0,298.0,178.54,261.95,240.08,192.27,103.01,191.72,92.16
2022-11-01,4809.33984375,213.7181818181818,92.595,4.715461718,2.041257658,1990067.0,1990066.6666666667,1905000.0,2180000.0,225.1,156.6550375102738,1060.0,853.0,260.0,156.66,223.22,213.85,166.54,92.59,164.8,82.67
2022-12-01,4846.919921875,210.3886363636364,92.435,4.629481538,2.045446436,1933032.0,1933032.258064516,1865000.0,1998000.0,223.89,157.18535759909372,981.0,1035.0,294.0,157.19,224.12,210.24,169.0,93.76,166.21,83.95
2023-01-01,4600.43017578125,206.76,95.97909090909091,4.558272312,2.115994276,1838032.0,1838032.258064516,1696000.0,2030000.0,218.24,156.95221515178633,868.0,832.373,233.09408185,156.95,218.91,206.76,170.03,95.98,159.8,85.82
2023-02-01,4777.259765625,229.506,103.963,5.064673526,2.291261566,2075285.7142857143,2075285.7142857143,1958000.0,2222000.0,237.04,174.77021164684638,1025.0,929.255,266.821962369999,174.77,238.39,229.73,195.18,103.93,180.93,94.26
2023-03-01,4643.25,222.6639130434783,106.4873913043478,4.902193032,2.347699838,1993129.0322580645,1993129.0322580645,1860000.0,2085000.0,228.2447826086957,170.03246631262428,799.0,906.561,268.4637703,170.03,225.23,222.36,187.02,106.49,176.17,96.6
2023-04-01,4654.75,229.9555,115.5835,5.060925672,2.55074534,1978900.0,1978900.0,1882000.0,2100000.0,232.3694736842105,178.57177339664295,565.867207197894,723.151,213.18502031,178.57,234.85,229.56,195.26,115.7,187.3,105.43
2023-05-01,4391.25,220.1213043478261,122.5521739130435,4.852809544,2.70176181,1895967.741935484,1895967.741935484,1740000.0,2010000.0,229.0759090909091,175.48429493934557,806.195505733111,845.853,256.944273389999,175.48,226.93,220.12,186.8,122.55,183.13,112.56
2023-06-01,4167.85009765625,207.385,132.1254545454545,4.572161418,2.912964406,1577900.0,1577900.0,1360000.0,1770000.0,215.43666666666667,171.24754555560233,956.0,753.422,228.909117,171.25,211.85,207.39,176.48,132.13,174.54,119.23
2023-07-01,3926.2900390625,193.4942857142857,127.5833333333333,4.265719238,2.812654196,1318774.1935483871,1318774.1935483871,1255000.0,1390000.0,190.3325,158.87809808137754,947.0,851.998,249.67483725,158.88,190.58,193.49,159.5,127.58,159.57,113.62
2023-08-01,4096.77978515625,186.3469565217391,124.3565217391304,4.116686926,2.747397444,1319096.7741935484,1319096.7741935484,1280000.0,1386000.0,188.70695652173916,154.5278260869565,872.0,816.755,227.82000625,154.53,187.55,186.73,154.66,124.62,156.56,111.34
2023-09-01,4071.25,183.5890476190476,123.8914285714286,4.045918624,2.731303718,1285967.0,1285966.6666666667,1255000.0,1331000.0,186.0,153.13380952380956,849.0,840.002,229.80903993,153.13,184.98,183.52,154.19,123.89,153.55,109.14
2023-10-01,4060.0,183.9513636363636,118.835,4.04768232,2.619970408,1379065.0,1379064.5161290322,1256000.0,1475000.0,184.97,151.93905308491907,1157.4584732241142,908.637,233.88378298,151.94,185.97,183.95,155.52,118.83,155.91,105.4
2023-11-01,3988.85009765625,197.4331818181818,122.7759090909091,4.347069716,2.703525506,1406448.2758620689,1406333.3333333333,1350000.0,1510000.0,194.45666666666665,161.5268181818182,1282.1066366773907,1104.61,279.963190769999,161.53,195.85,197.18,169.25,122.63,170.25,110.45
2023-12-01,3836.099609375,210.3104761904762,135.3919047619048,4.646457112,2.986598714,1468258.064516129,1468258.064516129,1413000.0,1565000.0,206.9235,175.7290476190476,1220.0,1066.685,278.5704733,175.73,210.68,210.76,185.23,135.47,186.67,123.91
2024-01-01,3919.260009765625,203.8791304347826,148.1252173913043,4.47317398,3.26393991,1423000.0,1423000.0,1372000.0,1484000.0,206.56,176.40544024229507,959.0,937.134,244.32928931,176.41,205.62,203.3,179.32,148.47,183.06,135.84
2024-02-01,3923.18994140625,208.7833333333333,153.227619047619,4.602805636,3.378139226,1456862.0,1456862.0689655172,1411000.0,1503000.0,210.13,182.0380956546534,961.0,1045.063,274.98538408,182.04,209.53,208.78,186.74,153.23,185.37,142.43
2024-03-01,3810.859619140625,208.9133333333333,165.8395238095238,4.605010256,3.65636227,1440129.0322580645,1440129.0322580645,1415000.0,1491000.0,207.547,186.3902009193237,865.5325633014444,1005.461,280.585912080001,186.39,210.27,208.88,185.77,165.84,184.59,148.53
2024-04-01,3907.260009765625,239.8663636363636,193.675,5.274332888,4.233531786,1661933.3333333333,1661933.3333333333,1444000.0,1840000.0,237.3113636363637,216.8926135107163,742.0,791.794,220.28570494,216.89,241.8,239.73,218.77,193.65,217.97,176.04
2024-05-01,3864.75,232.3426086956522,186.4573913043478,5.083192334,4.04217077,1596129.0322580645,1596129.0322580645,1485000.0,1785000.0,232.35272727272724,208.3811960089198,1120.0,935.22,263.41116923,208.38,233.5,232.11,209.78,184.97,208.86,165.11
2024-06-01,4148.509765625,248.405,204.327,5.476055618,4.504259122,1817033.3333333333,1817033.3333333333,1700000.0,1910000.0,249.93999999999997,226.8256341217809,1172.0,1023.959,290.11315212,226.83,250.39,248.39,229.25,204.3,226.42,182.82
2024-07-01,4082.25,257.0986956521739,214.5413043478261,5.66807802,4.733760064,1876387.0,1876387.0967741932,1820000.0,1981000.0,257.98,236.5359175280044,1158.8837518134924,1019.355,311.73273399,236.54,257.82,257.1,239.7,214.72,234.62,193.93
2024-08-01,4125.1298828125,261.4377272727273,214.6954545454545,5.763758528,4.732878216,1943323.0,1943322.5806451607,1828000.0,2085000.0,261.0,238.92,1049.0,1029.58,307.27508982,238.92,263.76,261.44,242.19,214.68,239.61,198.24
2024-09-01,4179.31005859375,278.7604761904762,242.4619047619048,6.124654822,5.330330236,2120233.333333333,2120233.333333333,1953000.0,2266000.0,276.2519999999999,258.89522893067425,1071.2334084844454,998.341,300.106804,258.9,279.27,278.52,257.24,242.08,253.89,225.68
2024-10-01,4412.52978515625,276.7773913043478,221.895652173913,6.101726774,4.892272242,2173290.0,2173290.3225806453,2065000.0,2230000.0,280.03956521739127,250.5,1339.1550080564646,1039.068,325.27866713,250.56,277.1,276.82,255.85,221.93,250.62,207.11
2024-11-01,4423.25,304.9528571428571,226.13,6.723650076,4.984866282,2456566.6666666665,2456566.6666666665,2175000.0,2785000.0,293.93850000000003,270.72,1761.409522227121,1193.949,377.39446703,270.72,306.21,304.98,285.59,226.11,277.04,214.43
2024-12-01,4403.169921875,344.1186363636364,237.6218181818182,7.569342308,5.218996926,2764870.9677419355,2764870.9677419355,2568000.0,2865000.0,340.5166666666667,299.6059599428544,1798.2305515042488,1303.939,426.35009748,299.61,341.0,343.34,326.97,236.73,317.0,226.28
2025-01-01,4160.0498046875,353.9334782608696,244.9391304347826,,,2751258.06451613,2751258.064516129,2630000.0,3000000.0,345.945714285714,310.1212000126377,1355.76715345375,1153.15,379.08669765,,,,,,,
2025-02-01,4130.5,409.5165,263.045,,,3118571.4285714286,3118571.4285714286,2939000.0,3380000.0,408.11,354.3167947913337,1361.3928100799765,1184.165,408.42878365,,,,,,,
2025-03-01,4125.830078125,404.2104761904762,257.6842857142857,,,3054451.6129032257,3054451.6129032257,2955000.0,3239000.0,404.08,347.85002454969737,1063.9383960067662,1252.049,528.2876029,,,,,,,
2025-04-01,4195.25,392.9127272727273,246.5490909090909,,,3044433.333333333,3044433.333333333,2804000.0,3311000.0,390.2119047619048,335.7568177900642,702.8167391214691,802.135,332.03953597,,,,,,,
2025-05-01,4128.75,397.5886363636364,237.3031818181818,,,3012759.0,3019322.580645161,2763000.0,3233000.0,401.8219047619047,334.4138095238096,818.6412932234168,911.634,369.3848414,,,,,,,
2025-06-01,4035.43994140625,363.162380952381,196.2138095238095,,,2700567.0,2700566.6666666665,2440000.0,2950000.0,366.9740000000001,295.0550537243588,909.1029907731332,1084.751,451.95802651,,,,,,,
2025-07-01,4186.75,316.725652173913,167.1678260869565,,,2369903.2258064514,2369903.2258064514,2225000.0,2507000.0,323.6595454545454,259.3122191514132,1373.355966067876,1173.816,441.02087837,,,,,,,
2025-08-01,3978.695068359375,365.6857142857143,198.8609523809524,,,2758032.2580645164,2758032.2580645164,2336000.0,3140000.0,352.6757142857143,297.0528962399517,1242.74174988266,1166.665,410.64172111,,,,,,,
2025-09-01,3919.0,399.5513636363636,210.8413636363636,,,2966133.333333333,2966133.333333333,2689000.0,3265000.0,406.1490476190476,324.6237609992482,1142.412575389382,1078.407,410.447101100001,,,,,,,
2025-10-01,3858.449951171875,403.7926086956522,215.06,,,2954935.483870968,2954935.483870968,2848000.0,3176000.0,401.6995652173913,326.38451040077564,1208.086500408277,1056.716,441.68326954,,,,,,,
2025-11-01,3691.856689453125,409.679,214.826,,,2889633.33333333,2889633.333333333,2812000.0,3030000.0,407.6457894736842,330.4370561152145,1266.0696378998323,1219.555,489.80689116,,,,,,,
2025-12-01,3740.4599609375,380.4172727272727,190.2381818181818,,,2745225.806451613,2745225.806451613,2598000.0,2916000.0,384.9918181818182,304.67612786208394,1233.4231694949574,1055.841,417.062998,,,,,,,
2026-01-01,3652.280029296875,363.9104545454545,192.2890909090909,,,,,,,,,,,,,,,,,,
2026-02-01,3764.2900390625,321.3525,179.5945,,,,,,,,,,,,,,,,,,
2026-03-01,3675.239990234375,334.1118181818182,176.7640909090909,,,,,,,,,,,,,,,,,,
2026-04-01,3633.969970703125,,,,,,,,,,,,,,,,,,,,
2026-05-01,3728.0,,,,,,,,,,,,,,,,,,,,
