fecha,precio_arabica_brasil_usd_kg,precio_robusta_usd_kg,precio_arabica_wb_usd_kg,precio_robusta_wb_usd_kg,trm_cop_usd,precio_fnc_cop_kg,surge_flag,precio_arabica_brasil_cop_kg
1990-01-01,,,1.6761,1.0907,,,0,
1990-02-01,,,1.8508,1.1036,,,0,
1990-03-01,,,2.0885,1.2292,,,0,
1990-04-01,,,2.088,1.2335,,,0,
1990-05-01,,,2.0496,1.1821,,,0,
1990-06-01,,,1.9654,1.1171,,,0,
1990-07-01,,,1.9103,1.1039,,,0,
1990-08-01,,,2.0818,1.1856,,,0,
1990-09-01,,,2.103,1.228,,,0,
1990-10-01,,,2.019,1.2392,,,0,
1990-11-01,,,1.8678,1.2231,,,0,
1990-12-01,,,1.9661,1.2447,,,0,
1991-01-01,,,1.8945,1.1647,,,0,
1991-02-01,,,1.9667,1.1435,,,0,
1991-03-01,,,2.0628,1.1324,,,0,
1991-04-01,,,2.0273,1.1229,,,0,
1991-05-01,,,1.9375,1.0375,,,0,
1991-06-01,,,1.891,1.0005,,,0,
1991-07-01,,,1.8351,1.0005,,,0,
1991-08-01,,,1.8027,0.99,,,0,
1991-09-01,,,1.9193,1.0287,,,0,
1991-10-01,,,1.7586,1.0115,,,0,
1991-11-01,,,1.724,1.1112,,,0,
1991-12-01,,,1.6612,1.1197,,,0,
1992-01-01,1.6100772981405798,1.0762174737729864,1.6184,1.0765,,,0,
1992-02-01,1.5277606306989542,0.9610509003686133,1.5091,0.9385,,,0,
1992-03-01,1.540892175427176,0.9371758200000321,1.5514,0.9389,,,0,
1992-04-01,1.4665662694067076,0.9240482836798468,1.4533,0.9118,,,0,
1992-05-01,1.340338159991064,0.8410117252424878,1.3417,0.8307,,,0,
1992-06-01,1.3106091337188888,0.8199098428864388,1.3027,0.8195,,,0,
1992-07-01,1.2863791785301022,0.861960221674027,1.2831,0.864,,,0,
1992-08-01,1.1762511138602427,0.8598665131408212,1.1669,0.8565,,,0,
1992-09-01,1.1391995850496,0.9018016190761742,1.1735,0.9034,,,0,
1992-10-01,1.120610592779414,0.9012504629711283,1.3574,0.9742,,,0,
1992-11-01,1.1577112723076497,0.9865799262437651,1.4839,1.0509,,,0,
1992-12-01,1.6565356186789586,1.0996858314348001,1.7016,1.1202,,,1,
1993-01-01,1.5833402621529398,1.0506505111789157,1.5298,1.034,,,0,
1993-02-01,1.486721547117233,1.0314996737155857,1.4914,1.0361,,,0,
1993-03-01,1.4259798309455654,1.021421664518276,1.4026,1.0119,,,0,
1993-04-01,1.2878213340302618,0.9835931850649924,1.2758,0.9894,,,0,
1993-05-01,1.3593504210622678,1.011912110652829,1.3708,1.0179,,,0,
1993-06-01,1.3931121921342209,1.0294393519847231,1.3779,1.0267,,,0,
1993-07-01,1.553799249305343,1.0792939269411517,1.5831,1.0891,,,0,
1993-08-01,1.6796432196174695,1.2736115275401683,1.6958,1.2888,,,0,
1993-09-01,1.7884314137334474,1.3864381927531189,1.7807,1.3779,,,0,
1993-10-01,1.6896976431095199,1.3011273399463668,1.6896,1.299,,,0,
1993-11-01,1.74691432749335,1.3584995887373355,1.7328,1.355,,,0,
1993-12-01,1.8199749708031043,1.3761073924315819,1.7921,1.3627,,,0,
1994-01-01,1.7544926046398734,1.3209269668819221,1.7405,1.3093,,,0,
1994-02-01,1.834247517592903,1.3372700576729748,1.8503,1.3404,,,0,
1994-03-01,1.918349146561131,1.4294401327528974,1.9181,1.4265,,,0,
1994-04-01,2.004832956657504,1.5755400909900992,1.9967,1.5833,,,0,
1994-05-01,2.5830782649685973,2.0156480232936613,2.687,2.0933,,,1,
1994-06-01,2.94011718981736,2.3370020955957225,3.1621,2.4776,,,0,
1994-07-01,4.440334044692146,3.3287939066700605,4.8256,3.6155,,,1,
1994-08-01,4.390279485030408,3.523325309778486,4.4189,3.585,,,0,
1994-09-01,4.821082703077975,3.976631381986856,4.8943,4.0297,,,0,
1994-10-01,4.570490871175187,3.852329217194558,4.45,3.7352,,,0,
1994-11-01,4.147259291088988,3.50767770475349,4.0325,3.3803,,,0,
1994-12-01,3.5773338154112064,2.8118481326430316,3.7157,2.8601,,,0,
1995-01-01,3.7718518364120577,2.8435847032735873,3.8056,2.8999,,,0,
1995-02-01,3.692194747702781,2.9488835781936187,3.7431,2.9694,,,0,
1995-03-01,3.9509265940584797,3.2166620529309222,3.9558,3.2194,,,0,
1995-04-01,3.8192252067937704,3.191888304908376,3.8449,3.1918,,,0,
1995-05-01,3.819415954732733,3.149603129263074,3.7701,3.1063,,,0,
1995-06-01,3.496604477552113,2.8785179793134072,3.4059,2.84,,,0,
1995-07-01,3.093014574037168,2.558676603853767,3.2112,2.6403,,,0,
1995-08-01,3.3288007533297503,2.8644014118798196,3.3777,2.87,,,0,
1995-09-01,3.0233799369939325,2.5854575414532377,2.9643,2.5364,,,0,
1995-10-01,2.8017669864307373,2.4821365295844573,2.8058,2.4859,,,0,
1995-11-01,2.7615225697422905,2.440318812741607,2.7613,2.4412,,,0,
1995-12-01,2.3450170029033846,2.0563371823976064,2.3422,2.0479,,,0,
1996-01-01,2.3801508653246706,1.954342036551523,2.4394,1.9839,,,0,
1996-02-01,2.750940849716842,2.149519307890708,2.7357,2.1361,,,0,
1996-03-01,2.6633542709663973,1.9998882990293771,2.6641,2.0049,,,0,
1996-04-01,2.68706639046063,1.994653986201456,2.7227,1.9989,,,0,
1996-05-01,2.8570973953225147,2.012908363539883,2.8499,2.0106,,,0,
1996-06-01,2.756441912555777,1.8982808338771409,2.7659,1.8984,,,0,
1996-07-01,2.727139578414465,1.7250610968524098,2.7,1.7077,,,0,
1996-08-01,2.766974004672201,1.7422645741707807,2.7827,1.7465,,,0,
1996-09-01,2.6414130088798085,1.651568138851865,2.6169,1.6389,,,0,
1996-10-01,2.728817010038517,1.609088267027177,2.7381,1.6076,,,0,
1996-11-01,2.7318341047419157,1.5459876255481115,2.7353,1.5476,,,0,
1996-12-01,2.5770656529135523,1.3980625760595424,2.5798,1.3902,,,0,
1997-01-01,2.8932148945192666,1.4586849549528131,2.9291,1.4813,,,0,
1997-02-01,3.666852589992769,1.662330905306972,3.7119,1.6623,,,1,
1997-03-01,4.263922098231345,1.76176786522648,4.2924,1.7688,,,0,
1997-04-01,4.529200450865736,1.7082933160597669,4.5633,1.7062,,,0,
1997-05-01,5.855612733269306,2.0285250341115524,5.8923,2.0635,,,1,
1997-06-01,4.999227331631784,1.988413753832897,4.8947,1.9564,,,0,
1997-07-01,4.192275456127207,1.7749431206899593,4.1978,1.756,,,0,
1997-08-01,4.213016270548149,1.6445973263994746,4.2064,1.6413,,,0,
1997-09-01,4.207846378563676,1.6535384622784752,4.1859,1.6568,,,0,
1997-10-01,3.7291030360937274,1.6490015543560694,3.6963,1.6429,,,0,
1997-11-01,3.5342664773629164,1.6712265648424134,3.5333,1.6764,,,0,
1997-12-01,3.897325464677316,1.8119520549783485,3.9119,1.821,,,0,
1998-01-01,3.900281229907856,1.8321531243937283,3.9198,1.8389,,,0,
1998-02-01,3.9324767632586113,1.8413464082258948,3.9282,1.8378,,,0,
1998-03-01,3.491904619129085,1.8053368746282201,3.4756,1.812,,,0,
1998-04-01,3.3125584225471347,1.9573256863597082,3.3146,1.9615,,,0,
1998-05-01,3.063052678345716,2.0154991395665833,3.0362,2.0005,,,0,
1998-06-01,2.7924474377454143,1.8431461834343719,2.7542,1.8239,,,0,
1998-07-01,2.578116552933608,1.6958258599760598,2.5926,1.6984,,,0,
1998-08-01,2.725955106288094,1.743018059443393,2.7163,1.748,,,0,
1998-09-01,2.489993009336384,1.7607834193003242,2.4659,1.7593,,,0,
1998-10-01,2.411578527118483,1.7730090638122527,2.4189,1.7703,,,0,
1998-11-01,2.560051869563502,1.7665130568356375,2.5655,1.7672,,,0,
1998-12-01,2.580647078355035,1.8512998082168461,2.588,1.8532,,,0,
1999-01-01,2.5182899841183044,1.8234763525685764,2.4903,1.8142,,,0,
1999-02-01,2.3096086350729292,1.7542747667507366,2.3254,1.7467,,,0,
1999-03-01,2.317769579557036,1.6231211807278254,2.3234,1.6186,,,0,
1999-04-01,2.266985228214704,1.5380361847010289,2.2511,1.5282,,,0,
1999-05-01,2.454954273989883,1.499963466223894,2.4487,1.4978,,,0,
1999-06-01,2.3835797969821493,1.4557335466875319,2.3636,1.446,,,0,
1999-07-01,2.111849816174408,1.3614858527246754,2.0911,1.3572,,,0,
1999-08-01,2.0172213234480645,1.3890436579769725,2.0144,1.3905,,,0,
1999-09-01,1.8634387491201545,1.3189967275356789,1.8587,1.3133,,,0,
1999-10-01,2.0449886157394226,1.2890124038468806,2.0768,1.2901,,,0,
1999-11-01,2.4791202025368415,1.3788322385034848,2.4996,1.39,,,0,
1999-12-01,2.7153304597811316,1.4640814921204806,2.7439,1.4725,,,0,
2000-01-01,2.4659039086101298,1.1920089293587945,2.4496,1.1724,,,0,
2000-02-01,2.293722741393777,1.0799825141788846,2.2805,1.0772,,,0,
2000-03-01,2.219011990856369,1.0197538182177894,2.2207,1.0196,,,0,
2000-04-01,2.0866770137039454,0.9824026878780932,2.0858,0.98,,,0,
2000-05-01,2.0173655389980807,0.9643506480062144,2.0756,0.9771,,,0,
2000-06-01,1.9156883478785098,0.9440101557026016,1.9057,0.9409,,,0,
2000-07-01,1.9324897810409019,0.9095020572295303,1.9257,0.8999,,,0,
2000-08-01,1.7483534331178296,0.8441794464590666,1.6958,0.8433,,,0,
2000-09-01,1.67188217815213,0.8554782607235031,1.6707,0.8561,,,0,
2000-10-01,1.692369915133985,0.8001183282052432,1.6901,0.7967,,,0,
2000-11-01,1.5738913945892905,0.7273957853994538,1.5772,0.7233,,,0,
2000-12-01,1.4529209803817822,0.6752344670561924,1.4586,0.6698,,,0,
2001-01-01,1.4473934437920462,0.7162249621763134,1.4546,0.7143,,,0,
2001-02-01,1.483172101800737,0.6942692992821743,1.4813,0.6962,,,0,
2001-03-01,1.469732911755699,0.6757574688666947,1.4661,0.6729,,,0,
2001-04-01,1.45499962626367,0.6300921575000483,1.4579,0.6281,,,0,
2001-05-01,1.5351087397446623,0.6505175691312707,1.526,0.6512,,,0,
2001-06-01,1.4075687065951445,0.6424905453107008,1.4088,0.6431,,,0,
2001-07-01,1.2994356963165938,0.6065923881934745,1.2946,0.6047,,,0,
2001-08-01,1.3080324244657333,0.5721671343026524,1.3166,0.5692,,,0,
2001-09-01,1.2845685109084817,0.5395377343515758,1.2802,0.5351,,,0,
2001-10-01,1.2426988590397652,0.5122684473386158,1.2434,0.5124,,,0,
2001-11-01,1.2973713661776942,0.5219748945387847,1.2974,0.5221,,,0,
2001-12-01,1.247491977266753,0.5360176840273491,1.2505,0.5368,,,0,
2002-01-01,1.2840403595799943,0.503133633980202,1.2842,0.5029,,,0,
2002-02-01,1.303285772235842,0.5371898093440801,1.3034,0.5373,,,0,
2002-03-01,1.4125133642232708,0.637125959221587,1.4213,0.6415,,,0,
2002-04-01,1.440431449007438,0.6472276246654983,1.4425,0.6468,,,0,
2002-05-01,1.3549717539685158,0.6247234634151204,1.3536,0.6243,,,0,
2002-06-01,1.2909288523607119,0.6265542602162296,1.2912,0.6266,,,0,
2002-07-01,1.2451143605784016,0.6305129988489943,1.2452,0.6305,,,0,
2002-08-01,1.1985240239927273,0.6146192252869619,1.1964,0.6146,,,0,
2002-09-01,1.3374616500333003,0.7056792804777778,1.3375,0.7072,,,0,
2002-10-01,1.449118802033929,0.7333443500652186,1.4491,0.7348,,,0,
2002-11-01,1.5403290895363067,0.8356891319994727,1.5404,0.8358,,,0,
2002-12-01,1.403373716708167,0.8385790033173586,1.4145,0.8391,,,0,
2003-01-01,1.441460128504682,0.9050845923975348,1.445569,0.9078625,2838.5,,0,4091.58457476054
2003-02-01,1.4640580080777439,0.8965435898340358,1.464088,0.896619,,,0,
2003-03-01,1.361313586617384,0.8195638790975569,1.361353,0.8194572,,,0,
2003-04-01,1.4262216425173444,0.825140815374329,1.426169,0.8249688,2919.39990234375,,0,4163.711323885678
2003-05-01,1.4571865946008347,0.8322056345390091,1.460781,0.8333463,,,0,
2003-06-01,1.3458497210415235,0.7507586007647736,1.3457,0.7542005,,,0,
2003-07-01,1.387839828476386,0.7792676352700032,1.387808,0.7793332,,,0,
2003-08-01,1.4085660366899895,0.799323327277965,1.408532,0.800277,,,0,
2003-09-01,1.4641010984641387,0.822515308110292,1.464099,0.8234256,,,0,
2003-10-01,1.4172092598826604,0.7911150951975996,1.417571,0.7910177,,,0,
2003-11-01,1.3729849732799522,0.7519643203583838,1.373037,0.7519958,,,0,
2003-12-01,1.4304561770508952,0.7928883800573125,1.429917,0.7914586,2693.0,,0,3852.2184847980607
2004-01-01,1.5879609067980998,0.8710571294347024,1.603420126,0.878320608,2688.300048828125,,0,4268.915383282485
2004-02-01,1.6804859874071854,0.8174085962715392,1.680140902,0.81681171,2641.199951171875,,0,4438.499507884878
2004-03-01,1.7209106517483248,0.8090013089717861,1.720926372,0.80909554,2620.199951171875,,0,4509.13000568212
2004-04-01,1.6653231819063667,0.8027538564893721,1.663165328,0.801820294,2597.10009765625,,0,4325.010998358242
2004-05-01,1.7072611509903173,0.8089396890345761,1.697336938,0.806009072,2673.800048828125,,0,4564.874948880271
2004-06-01,1.8125219460340007,0.879063924488006,1.812418102,0.878981994,2641.199951171875,,0,4787.2328753629545
2004-07-01,1.6527568227113194,0.7928230255784534,1.652142228,0.794104124,2559.60009765625,,0,4230.396524813927
2004-08-01,1.6227839516169116,0.7477685192459704,1.622820782,0.747586642,2482.89990234375,,0,4029.2101149946343
2004-09-01,1.77397108174106,0.7549335486115676,1.774057714,0.754861888,2536.300048828125,,0,4499.322941239532
2004-10-01,1.7758459668810822,0.698246546718301,1.77582141,0.698203154,2565.0,,0,4555.044905049976
2004-11-01,1.9900643589994376,0.7206616598978016,1.990110474,0.721131202,2477.0,,0,4929.389417241607
2004-12-01,2.301369090935581,0.8141582130503029,2.295450344,0.809536464,2344.300048828125,,0,5395.09967225182
2005-01-01,2.362570012572658,0.8147871928538255,2.362470792,0.814827552,2362.0,,0,5580.390369696618
2005-02-01,2.663902802518563,0.9091430183953861,2.664503732,0.909185288,2328.0,,0,6201.565724263214
2005-03-01,2.971344866905865,1.08902695162939,2.976898386,1.091507362,2369.0,,0,7039.115989699994
2005-04-01,2.855639513252522,1.118951875358514,2.855644286,1.11884465,2346.0,,0,6699.330298090416
2005-05-01,2.8306876504155123,1.2389387980227327,2.830070694,1.236130434,2337.510009765625,,0,6616.760717366198
2005-06-01,2.6710327583138396,1.3232857241349454,2.671117592,1.323212924,2326.0,,0,6212.822195837991
2005-07-01,2.423512130473452,1.2760681090369446,2.423538766,1.276034056,2195.60009765625,,0,5321.063470338618
2005-08-01,2.385489890550942,1.1458295790816033,2.38539884,1.145741014,2302.0,,0,5491.397728048269
2005-09-01,2.1934008776810234,1.0333876339008703,2.193376438,1.033305394,2287.0,,0,5016.3078072565
2005-10-01,2.3170392691901003,1.0492857436807066,2.31595331,1.047855886,2288.0,,0,5301.3858479069495
2005-11-01,2.37531245540646,1.1343193482649205,2.375257588,1.13427699,2273.5,,0,5400.272867366587
2005-12-01,2.3352383960595753,1.243267878702366,2.331826574,1.243185218,2285.0,,0,5336.01973499613
2006-01-01,2.738113466807977,1.3974813568942213,2.73813804,1.397508618,2265.0,,0,6201.827002320068
2006-02-01,2.6261816786892185,1.3884283673433395,2.626143344,1.388469676,2244.0,,0,5893.151686978606
2006-03-01,2.5057857013044478,1.3139561544295315,2.505771092,1.31395352,2293.0,,0,5745.766613091098
2006-04-01,2.5427586906294644,1.3339300516763963,2.544572404,1.33489741,2263.199951171875,,0,5754.771344474465
2006-05-01,2.416920166523909,1.325976150181316,2.410972432,1.324535696,2406.10009765625,,0,5815.351848700538
2006-06-01,2.274060068399476,1.3278452882766891,2.27406553,1.327842626,2517.60009765625,,0,5725.173850278699
2006-07-01,2.314803150135342,1.421867270691765,2.314851,1.421759438,2321.0,,0,5372.6581114641285
2006-08-01,2.4632268646713347,1.6223735254896756,2.463221926,1.622379858,2395.0,,0,5899.428340887846
2006-09-01,2.4212655132071705,1.699712936904069,2.421334146,1.699982482,2287.10009765625,,0,5537.67659170783
2006-10-01,2.439046143189955,1.65712598747132,2.438971106,1.657212854,2202.199951171875,,0,5371.267297438869
2006-11-01,2.6954940683577866,1.6929511342993064,2.695588874,1.692927698,2194.800048828125,,0,5916.070512847591
2006-12-01,2.8297719200557,1.6967734376771573,2.831613928,1.690282154,2138.199951171875,,0,6050.618181290641
2007-01-01,2.749042042762813,1.7462063206390417,2.745413286,1.744515806,2142.800048828125,,0,5890.647423462724
2007-02-01,2.6903472724386672,1.7433177833824232,2.690297786,1.743413496,2126.0,,0,5719.678301204606
2007-03-01,2.5812544393119015,1.6974104882401326,2.581169096,1.6975574,2040.800048828125,,0,5267.824185785543
2007-04-01,2.5285887296240213,1.7528968764881216,2.52649452,1.754436596,2012.0999755859373,,0,5087.77332114337
2007-05-01,2.4984337581293126,1.8499578629176037,2.496511688,1.849896642,1877.5999755859373,,0,4691.059163266679
2007-06-01,2.630736327759202,2.0432984036839485,2.630773046,2.043241816,1917.4000244140625,,0,5044.173899072455
2007-07-01,2.593369852602819,2.03953813519238,2.593294506,2.039493962,1940.5999755859373,,0,5032.693472646336
2007-08-01,2.7150141441034545,1.9277140076851291,2.715871378,1.927719728,2143.800048828125,,0,5820.4474546980355
2007-09-01,2.8228782694580152,2.0455276989012154,2.822795448,2.045446436,1970.800048828125,,0,5563.328631283709
2007-10-01,2.960609304511927,2.005652273600408,2.960584198,2.00840882,1958.5,,0,5798.353322886609
2007-11-01,2.889060092449922,2.041772822672838,2.8880522,2.041257658,2041.800048828125,,0,5898.883037831638
2007-12-01,3.0433265388908333,2.0269106954939153,3.033116196,2.014802218,1999.0999755859373,,0,6083.9140095966995
2008-01-01,3.0825633762423545,2.1818209354202245,3.083381532,2.187203502,1905.300048828125,,0,5873.208151270348
2008-02-01,3.467643252295539,2.5451969002560717,3.467646798,2.54523379,1809.300048828125,,0,6274.007105696836
2008-03-01,3.2897510580097578,2.684655142149983,3.304504918,2.687872704,1809.5,,0,5952.804539468657
2008-04-01,3.1020067693994933,2.453416286001517,3.10190034,2.453521598,1741.0,,0,5400.593785524517
2008-05-01,3.1315286945897727,2.3993829456668307,3.12945809,2.400390256,1705.4000244140625,,0,5340.509112206735
2008-06-01,3.222048091887066,2.4545658401634705,3.22205213,2.454623908,1912.0,,0,6160.55595168807
2008-07-01,3.248667448317852,2.540407890024899,3.248728032,2.540383626,1764.699951171875,,0,5732.923287420173
2008-08-01,3.228189545629006,2.484076312759359,3.228225066,2.481520272,1888.800048828125,,0,6097.404571410509
2008-09-01,3.158545364757114,2.3231831088892068,3.158559074,2.323228556,2190.10009765625,,0,6917.5305118062515
2008-10-01,2.7246282236401678,1.9570067565028755,2.724689858,1.957041174,2344.10009765625,,0,6386.801285111892
2008-11-01,2.687128520785199,2.001005308735604,2.687211318,2.000913112,2290.800048828125,,0,6155.674146622181
2008-12-01,2.6189212753541398,1.8055394735126835,2.622836414,1.819031962,2284.5,,0,5982.925653546532
2009-01-01,2.817670345316335,1.8187850835913413,2.82852746,1.824102588,2351.199951171875,,0,6624.906378326207
2009-02-01,2.854580768620258,1.7685386867493254,2.854541976,1.768546164,2519.800048828125,,0,7192.972760153153
2009-03-01,2.8333833048201913,1.682298789941782,2.833377624,1.682345522,2553.0,,0,7233.627577205948
2009-04-01,2.9779665827038793,1.6689908752599452,2.973591456,1.665149486,2291.0,,0,6822.521440974588
2009-05-01,3.3177917809921915,1.66605567075593,3.328755738,1.667133644,2165.10009765625,,0,7183.351309029297
2009-06-01,3.3021165196115367,1.6265017500709489,3.302300298,1.626789098,2148.0,,0,7092.946284125581
2009-07-01,3.1062678814211124,1.580217272446336,3.10630958,1.580271616,2009.9000244140625,,0,6243.287890704912
2009-08-01,3.3016875245133246,1.5950772626375371,3.301638912,1.59504257,2053.0,,0,6778.364487825856
2009-09-01,3.274087726414928,1.6275038520801235,3.274522086,1.627450484,1924.0,,0,6299.344785622321
2009-10-01,3.407738071378523,1.6205492641364525,3.407681134,1.620616162,1943.5999755859373,,0,6623.279632334566
2009-11-01,3.3556693281732524,1.531825538201312,3.355652102,1.531769976,1998.0,,0,6704.627317690159
2009-12-01,3.482070077150353,1.534648644213494,3.4868159689,1.5407207332,2039.0,,0,7099.94088730957
2010-01-01,3.49776262115986,1.5419038212650091,3.50314118,1.544997696,1970.199951171875,,0,6891.291745419965
2010-02-01,3.480142947847405,1.4965982645196565,3.480213132,1.496496056,1896.199951171875,,0,6599.046887779395
2010-03-01,3.626664683143711,1.4825524106321943,3.6265999,1.48260695,1915.550048828125,,0,6947.057710879172
2010-04-01,3.73440328432921,1.5793127664589244,3.731098888,1.576744224,1954.0,,0,7297.024017579276
2010-05-01,3.8221363608495653,1.5591943756461648,3.820165536,1.556682182,1931.199951171875,,0,7381.3095534449285
2010-06-01,4.208698165271473,1.6958371880857286,4.20861958,1.695793704,1915.0,,0,8059.656986494871
2010-07-01,4.480097452416189,1.8799533902313494,4.480008302,1.879879474,1840.0,,0,8243.379312445788
2010-08-01,4.664764810666855,1.8231442273312501,4.664755458,1.822779816,1826.0,,0,8517.860544277677
2010-09-01,4.909989193331932,1.7918786446450075,4.909909202,1.791915136,1763.0,,0,8656.310947844197
2010-10-01,4.793714342824557,1.8765658082489067,4.798134968,1.879879474,1833.0,,0,8786.878390397413
2010-11-01,5.14807860969169,2.0280139620868733,5.147346776,2.029132248,1942.0,,0,9997.568660021261
2010-12-01,5.49930142161851,2.073727241566257,5.471205454,2.074326958,1915.0,,0,10531.162222399447
2011-01-01,5.815043349215028,2.2286548263637806,5.815126174,2.228650358,1866.4000244140625,,0,10853.197048943759
2011-02-01,6.3578832960016936,2.4107568034709606,6.346880518,2.41075197,1906.0,,0,12118.125562179228
2011-03-01,6.438989032089362,2.604303656915964,6.439033634,2.604317606,1870.0,,0,12040.909490007107
2011-04-01,6.624392468499067,2.588229069295755,6.616505544,2.587562494,1740.0999755859375,,0,11527.105172706895
2011-05-01,6.416910110648096,2.6892710148808137,6.417428358,2.689195476,1801.0,,0,11556.85510927722
2011-06-01,6.062296272661535,2.600444692787591,6.062264076,2.60034929,1767.5,,0,10715.108661929264
2011-07-01,5.908865865611135,2.485283607084697,5.908822524,2.485268126,1719.199951171875,,0,10158.521907639823
2011-08-01,5.962195867268574,2.4706459051114305,5.962174328,2.470717634,1779.5,,0,10609.727545804428
2011-09-01,6.060081627221258,2.3381645339263635,6.060059456,2.338219972,1928.0,,0,11683.837377282585
2011-10-01,5.463584223791634,2.162820541892483,5.463489284,2.16273222,1829.5,,0,9995.627337426795
2011-11-01,5.403253865307869,2.1437968282268884,5.403303158,2.143772488,1949.0,,0,10530.941783485037
2011-12-01,5.2094773997938075,2.177176846152489,5.218556002,2.169566542,1896.5999755859373,,0,9880.294709264428
2012-01-01,5.229519439977297,2.132262634101291,5.229508955,2.132308464,1809.0,,0,9460.20066691893
2012-02-01,4.941833609226331,2.248296980126466,4.941876192,2.247169166,1767.0,,0,8732.219987502926
2012-03-01,4.436936918881045,2.283349554024522,4.437018212,2.283324934,1753.5,,0,7780.1688872579125
2012-04-01,4.220721957807267,2.244244670477938,4.22074499,2.24430316,1762.0,,0,7436.912089656405
2012-05-01,4.06455101961004,2.360903535604109,4.07083083,2.356297856,1791.4000244140625,,0,7281.236795761628
2012-06-01,3.718907446927342,2.330204026442056,3.718973478,2.33028334,1756.0999755859375,,0,6530.773276755466
2012-07-01,4.198617019059179,2.36032100934921,4.19869879,2.360266172,1792.0,,0,7523.9216981540485
2012-08-01,3.854220264600941,2.348385103026892,3.85421253704,2.34838039461,1819.0,,0,7010.826661309112
2012-09-01,3.9457706485123194,2.3137533289828744,3.945828876,2.31374869,1797.0,,0,7090.549855376638
2012-10-01,3.8209975331211266,2.30310403450103,3.821047384,2.303166514,1829.0,,0,6988.60448807854
2012-11-01,3.525334742155144,2.1532967552738627,3.525407842,2.153252354,1811.0,,0,6384.381218042966
2012-12-01,3.3666294610050223,2.1296356952629556,3.367336588,2.129442458,1766.0,,0,5945.467628134869
2013-01-01,3.462084677515208,2.194971999352799,3.467646798,2.197785678,1775.0,,0,6145.200302589494
2013-02-01,3.295009612162472,2.293525899927688,3.295025052,2.293466186,1814.0,,0,5977.147436462725
2013-03-01,3.3027058510312175,2.338466118911983,3.302079836,2.342629212,1828.0,,0,6037.346295685065
2013-04-01,3.302236771852639,2.2414817320812137,3.302741222,2.241657616,1824.5,,0,6024.93099024514
2013-05-01,3.2449004161564075,2.1864410613790444,3.24489391026,2.18643667765,1903.0,,0,6175.045491945643
2013-06-01,3.04810270022399,2.0014793029859432,3.0480965889,2.0014752901,1928.0,,0,5876.742006031853
2013-07-01,3.050922223150933,2.098955813192012,3.05091610617,2.09895160487,1895.0,,0,5781.497612871019
2013-08-01,2.979640093059201,2.0725874594549527,2.979634119,2.072583304,2000.0,,0,5959.2801861184025
2013-09-01,2.9163086776536753,1.9351458285566472,2.91630283057,1.93514194867,1907.25,,0,5562.129725454972
2013-10-01,2.8373228728058235,1.8451843717817276,2.83734594,1.84526694,1885.5,,0,5349.77227667538
2013-11-01,2.6900407246621456,1.7572221396362917,2.69003533124,1.75721861648,1960.7843017578125,,0,5274.589624006745
2013-12-01,2.7719945357381635,1.9338564573048427,2.777159814,1.937640518,1929.0,,0,5347.177459438917
2014-01-01,2.921529940333278,1.9332063980884562,2.926192126,1.934113126,2016.0,,0,5889.8043597118885
2014-02-01,3.8281870050618174,2.1142237958341417,3.828102168,2.11423058,2042.5,,1,7819.0719578387625
2014-03-01,4.719806933690777,2.3229917551245967,4.719870958,2.323008094,1969.0,,0,9293.29985243714
2014-04-01,4.92720530584955,2.3274620844683813,4.926884776,2.32697641,1935.0,,0,9534.142266818879
2014-05-01,4.722365634154202,2.2704324591262632,4.72229604,2.270538138,1896.0,,0,8953.605242356367
2014-06-01,4.362752261524727,2.180625508638348,4.362722518,2.180589642,1877.0,,0,8188.885994881912
2014-07-01,4.340800044782631,2.244010514716538,4.34089678,2.244082698,1875.0,,0,8139.000083967432
2014-08-01,4.695083645550144,2.210230465137959,4.695179214,2.21013155,1960.7843017578125,,0,9206.046307634564
2014-09-01,4.641315623652172,2.216148593289284,4.641386486,2.216084024,1981.0999755859373,,0,9194.910268703947
2014-10-01,4.966702502996371,2.308213011961717,4.966788398,2.30823714,2019.5,,0,10030.255704801171
2014-11-01,4.615954426003986,2.272052858075098,4.616033356,2.272081372,2222.22216796875,,0,10257.676251799525
2014-12-01,4.263436898281312,2.166848660010107,4.339133084,2.197344754,2375.0,,0,10125.662633418116
2015-01-01,4.1805491198337625,2.157996613696891,4.188778,2.160748062,2439.0244140625,,0,10196.461367462043
2015-02-01,3.9438195559004567,2.168512672181167,3.943844718,2.168464232,2564.1025390625,,0,10112.357736888702
2015-03-01,3.5436231038225787,2.0318019076815528,3.543706188,2.031777792,2529.89990234375,,0,8965.011744303798
2015-04-01,3.615533944000937,2.0291563583773327,3.6155768,2.029573172,2393.0,,0,8651.972727994242
2015-05-01,3.4939517703763983,1.9303061530437677,3.493881776,1.930365272,2534.0,,0,8853.673786133793
2015-06-01,3.5219977424645936,1.98956330799485,3.522100912,1.98966955,2603.0,,0,9167.760123635337
2015-07-01,3.4049657343853155,1.920687965511239,3.40503559,1.920664944,2879.0,,0,9802.896349295323
2015-08-01,3.4595701276330555,1.8910533401529717,3.459489704,1.891123036,3030.89990234375,,0,10485.610761994383
2015-09-01,3.2219884429579486,1.7966586712287695,3.22205213,1.7967653,3087.0,,0,9946.278323411187
2015-10-01,3.3785969449517297,1.8249680529879475,3.37858015,1.824984436,2941.176513671875,,0,9937.049983655575
2015-11-01,3.2623717223533792,1.802080997481269,3.262396676,1.802056388,3144.0,,0,10256.896695079024
2015-12-01,3.2763402774529427,1.7477112164389064,3.277388092,1.747822736,3138.0,,0,10281.155790647334
2016-01-01,3.2062902763885144,1.6518305941399825,3.197360386,1.647071602,3333.333251953125,,0,10687.63399369981
2016-02-01,3.256167279342292,1.632335415338643,3.25622374,1.632300648,3297.60009765625,,0,10737.537538344228
2016-03-01,3.475178229506387,1.6684405905479507,3.4722765,1.66669272,2999.0,,0,10422.059510289655
2016-04-01,3.399919289749797,1.7676048708342047,3.399964964,1.767664316,2818.89990234375,,0,9584.032153852335
2016-05-01,3.421456847884123,1.8504114230008868,3.421349778,1.850337566,3088.0,,0,10565.458746266171
2016-06-01,3.6476012082945184,1.8946642477260305,3.64754379,1.894650428,2881.60009765625,,0,10510.92799803254
2016-07-01,3.7867468897998533,2.0021454145071846,3.786655312,2.002235884,3125.0,,0,11833.58403062454
2016-08-01,3.693656509546599,2.023548072698161,3.693620348,2.023620698,2893.800048828125,,0,10688.70338768027
2016-09-01,3.8866526425830816,2.135900264394594,3.88674506,2.135835856,2828.699951171875,,0,10994.174140296802
2016-10-01,3.9452908802456412,2.2850197240398136,3.945387952,2.28508863,2938.199951171875,,0,11592.053471696587
2016-11-01,4.059054272241453,2.28661640657443,4.059146344,2.286631864,3072.75,,0,12472.459015029925
2016-12-01,3.566661429013499,2.245510182158096,3.566634236,2.24540547,3000.25,,0,10700.87595239775
2017-01-01,3.717277360992419,2.388049171943068,3.717209782,2.388044384,2915.0,,0,10835.863507292901
2017-02-01,3.6674147692199157,2.3477045450537046,3.66738537,2.347699838,2918.10009765625,,0,10701.88339620661
2017-03-01,3.530715594247886,2.353091496897807,3.53069893,2.352990926,2846.89990234375,,0,10051.59388046786
2017-04-01,3.42982239545671,2.2875293215047883,3.42597948,2.283545396,2940.139892578125,,0,10084.157649340139
2017-05-01,3.306936630275666,2.1684494090456314,3.30693,2.168464232,2916.0,,0,9643.027213883843
2017-06-01,3.1575232207077573,2.2471536294531407,3.157456764,2.24761009,3042.280029296875,,0,9606.069836400358
2017-07-01,3.302590370704446,2.3134908736947564,3.299434292,2.313528228,2983.25,,0,9852.45272340404
2017-08-01,3.3042335690300493,2.3041967613875554,3.304284456,2.304268824,2948.679931640625,,0,9743.127214452184
2017-09-01,3.2311080484328696,2.1866409838419925,3.231091072,2.186542116,3030.302978515625,,0,9791.236343071932
2017-10-01,3.1021170006205026,2.169160030079094,3.102120802,2.169125618,3040.050048828125,,0,9430.590939206915
2017-11-01,3.106405997219768,2.0134333778533855,3.10630958,2.013479446,2950.699951171875,,0,9166.07202431639
2017-12-01,3.0270858056621477,1.9304741244281622,3.029588804,1.931026658,3014.27001953125,,0,9124.453990556012
2018-01-01,3.061696126839135,1.9534601867834491,3.060233022,1.95439563,2828.0,6111.225806451613,0,8658.476646701074
2018-02-01,3.0045393216811584,1.9665800984144342,3.004456136,1.967402888,2865.0,5960.25,0,8608.005156616518
2018-03-01,2.974900150555806,1.943176005990165,2.976898386,1.944033916,2793.0,5838.8387096774195,0,8308.896120502366
2018-04-01,2.9616819478633616,1.9468093415605718,2.961686508,1.946899922,2802.0,5722.6,0,8298.63281791314
2018-05-01,2.9896815908876544,1.9563741251475182,2.989685182,1.956379788,2877.0,6033.677419354838,0,8601.31393698378
2018-06-01,2.954942096064514,1.8975097402406527,2.954852186,1.897516434,2944.5,5971.2,0,8700.827001861962
2018-07-01,2.879209429699739,1.8610938304186864,2.87923372,1.861140204,2870.0,5742.709677419355,0,8263.33106323825
2018-08-01,2.76042940715924,1.7800041715328159,2.760404702,1.780010188,3026.89990234375,5640.516129032258,0,8355.543502957118
2018-09-01,2.6715638723787016,1.6909469302809574,2.671558516,1.69094354,2983.0,5495.466666666667,0,7969.275031305667
2018-10-01,3.0278695199746646,1.880947214006535,3.027825108,1.880981784,3204.0,6374.1935483870975,0,9701.293941998825
2018-11-01,3.022710437413519,1.8412021055365735,3.022754482,1.841298624,3236.0,6434.266666666667,0,9781.490975470148
2018-12-01,2.801164293650933,1.7094447789874518,2.80207202,1.710123734,3245.0,5821.1612903225805,0,9089.778132897278
2019-01-01,2.8297983938065,1.724035467230846,2.832054852,1.724894688,3161.0,5818.1935483870975,0,8944.992722822346
2019-02-01,2.8319282527028697,1.7340142683292472,2.83183439,1.73393363,3069.0,5664.714285714285,0,8691.187807545108
2019-03-01,2.731277699531107,1.6966264627158119,2.731303718,1.696675552,3189.5,5524.645161290322,0,8711.410222654467
2019-04-01,2.667385107000443,1.6150577451261765,2.670456206,1.615545536,3249.300048828125,5444.533333333333,0,8667.134558419953
2019-05-01,2.6576555678844116,1.5678905463404385,2.65766941,1.567925744,3362.0,5792.516129032258,0,8935.038019227391
2019-06-01,2.8599159597171027,1.6312567241044817,2.860053526,1.631859724,3196.39990234375,6239.333333333333,0,9141.43509435108
2019-07-01,2.986614287346529,1.6298309072240365,2.986598714,1.629875566,3296.0,6371.870967741936,0,9843.88069109416
2019-08-01,2.7839896967879834,1.561124614992408,2.782891826,1.560209574,3436.0,6391.483870967742,0,9565.78859816351
2019-09-01,2.841634899078593,1.5574411743215426,2.841534718,1.557343568,3400.699951171875,6523.6,0,9663.547662544866
2019-10-01,2.8010040818141877,1.5131200074842206,2.799646938,1.513030706,3387.0,6556.645161290322,0,9487.000825104653
2019-11-01,3.1081110022096645,1.6154647894184748,3.108073276,1.615545536,3515.300048828125,7276.8,0,10925.942757830866
2019-12-01,3.4398554407725648,1.616220183456819,3.455080464,1.614443226,3283.010009765625,7993.032258064515,0,11293.079844203075
2020-01-01,3.1512134636221627,1.5561101836778044,3.134749178,1.55535941,3413.25,7089.290322580645,0,10755.879354708346
2020-02-01,2.9872771124711193,1.500610680964391,2.9872601,1.500684834,3500.25,7272.827586206896,0,10456.216712927035
2020-03-01,3.2700592763380465,1.487169486715334,3.270112846,1.487236652,4061.550048828125,9145.548387096775,0,13281.509413481655
2020-04-01,3.4090207619502664,1.4114606799222047,3.406578824,1.410074952,3919.0,9404.533333333335,0,13359.952366083095
2020-05-01,3.3050889450473226,1.4228016115174618,3.303402608,1.422641286,3698.260009765625,8550.967741935485,0,12223.07827418697
2020-06-01,3.1199844794440823,1.4245581531821148,3.119978224,1.424625444,3743.75,7702.4,0,11680.441894918784
2020-07-01,3.2359668945928806,1.4922335874338708,3.235941236,1.492307278,3720.35009765625,8011.612903225807,0,12038.929752311014
2020-08-01,3.595112536628261,1.6014076841869218,3.59904215,1.602317816,3743.75,9151.741935483873,0,13459.202559002051
2020-09-01,3.6721226444590185,1.6043753377083774,3.672015072,1.604301974,3885.199951171875,9137.866666666667,0,14266.930718949316
2020-10-01,3.35228174619081,1.5070311485371717,3.352345172,1.507078232,3859.5,8419.870967741934,0,12938.131399423432
2020-11-01,3.3229464028508113,1.5957596463866417,3.323023726,1.595703956,3605.14990234375,8357.6,0,11979.719899731117
2020-12-01,3.482261783621673,1.586141002410134,3.479110822,1.588208248,3420.25,8381.41935483871,0,11910.205865432028
2021-01-01,3.545466494328026,1.5611785376243303,3.542383416,1.559327726,3567.260009765625,8585.548387096775,0,12647.60084118029
2021-02-01,3.669134376267659,1.6175660064551403,3.669149066,1.617529694,3608.699951171875,8908.285714285714,0,13240.805044480148
2021-03-01,3.6828442645641326,1.6283260114241722,3.68281771,1.628332332,3728.25,9248.258064516127,0,13730.564129361228
2021-04-01,3.7180690215796663,1.64167357448985,3.71809163,1.641560052,3713.360107421875,9659.466666666665,0,13806.529181375015
2021-05-01,4.110805683143819,1.7567287236946312,4.110734452,1.756641216,3706.25,11087.483870967742,0,15235.673563151779
2021-06-01,4.234301871605882,1.872327393941532,4.243011652,1.870179146,3765.75,11366.4,0,15945.32227299985
2021-07-01,4.508476981316009,2.074311074910733,4.503818198,2.080499894,3845.85009765625,12501.935483870968,0,17338.926638875128
2021-08-01,4.771568842804668,2.0919280282320196,4.767270288,2.098357316,3815.0,13638.451612903225,0,18203.535135299808
2021-09-01,4.97223977014185,2.305806660050122,4.972299948,2.30603252,3834.25,13697.104,0,19064.81033866639
2021-10-01,5.314761577217705,2.3215744965687644,5.314456972,2.320142088,3777.75,14279.483870967742,0,20077.840548334185
2021-11-01,5.709496239311579,2.4126207132080264,5.709083952,2.41185428,4033.25,15997.241379310342,0,23027.825707203425
2021-12-01,5.915649536031998,2.4794260614979033,5.910145296,2.483724892,4068.25,16931.870967741936,0,24066.341224962176
2022-01-01,5.9763273728687585,2.4187459424412467,5.976283896,2.425082,3912.49755859375,17186.666666666664,0,23382.366255706016
2022-02-01,6.169277676854971,2.4124433411524016,6.169188146,2.412515666,3853.7451171875,17706.666666666664,0,23774.82372375369
2022-03-01,5.709833468422494,2.2911511360142085,5.698501776,2.288836484,3749.389892578125,15910.193548387097,0,21408.3918948076
2022-04-01,5.851020720110121,2.291927547223055,5.854147948,2.291041104,3971.550048828125,16219.58620689655,0,23237.62162664772
2022-05-01,5.741934281348557,2.2741803206405757,5.741271404,2.27296322,3930.159912109375,16773.86666666664,0,22566.719930522653
2022-06-01,6.035459980855844,2.2894022501599345,6.033824478,2.288616022,4107.52001953125,17377.866666666665,0,24790.772698445075
2022-07-01,5.641780866211633,2.214419251536308,5.639197498,2.212115708,4373.580078125,18002.322580645163,0,24674.78040161
2022-08-01,5.919052325897935,2.418233355852453,5.917861466,2.41736583,4411.919921875,18524.384,0,26114.384875249656
2022-09-01,5.897199966650044,2.4550296702362875,5.897138038,2.455064832,4526.9501953125,19191.733333333334,0,26696.330540823285
2022-10-01,5.292914799034837,2.2710256080774087,5.292851696,2.270979062,4833.259765625,18218.32,0,25582.03214105621
2022-11-01,4.711683226736402,2.041371981869169,4.715461718,2.041257658,4809.33984375,15920.536,0,22660.085873471944
2022-12-01,4.638279254564376,2.037844582796875,4.629481538,2.045446436,4846.919921875,15464.256,0,22481.368122167598
2023-01-01,4.558281451171978,2.1159784764522063,4.558272312,2.115994276,4600.43017578125,14704.256,0,20970.055537675515
2023-02-01,5.0597453217869806,2.2919936859556604,5.064673526,2.291261566,4777.259765625,16602.285714285714,0,24171.71775008226
2023-03-01,4.908903001893294,2.347647033112308,4.902193032,2.347699838,4643.25,15945.032258064515,0,22793.263863541037
2023-04-01,5.069655108555707,2.5481820667031165,5.060925672,2.55074534,4654.75,15831.2,0,23597.977116549675
2023-05-01,4.85284802967923,2.70181515355305,4.852809544,2.70176181,4391.25,15167.741935483873,0,21310.068910328915
2023-06-01,4.572060353798127,2.9128700361879067,4.572161418,2.912964406,4167.85009765625,12623.2,0,19055.662192067794
2023-07-01,4.265822274517313,2.8127333227511353,4.265719238,2.812654196,3926.2900390625,10550.193548387097,0,16748.855504848263
2023-08-01,4.108250509747506,2.7415942463520167,4.116686926,2.747397444,4096.77978515625,10552.774193548386,0,16830.597640691445
2023-09-01,4.047448976592348,2.7313406888002567,4.045918624,2.731303718,4071.25,10287.736,0,16478.176645951597
2023-10-01,4.055436683988333,2.619865429725392,4.04768232,2.619970408,4060.0,11032.52,0,16465.07293699263
2023-11-01,4.3526601399094735,2.7067476739208165,4.347069716,2.703525506,3988.85009765625,11251.58620689655,0,17362.10882414237
2023-12-01,4.636556116300028,2.9848829953329163,4.646457112,2.986598714,3836.099609375,11746.064516129032,0,17786.291106583805
2024-01-01,4.4947690972235534,3.265604715059002,4.47317398,3.26393991,3919.260009765625,11384.0,0,17616.168775878614
2024-02-01,4.602888351940363,3.3780935079899774,4.602805636,3.378139226,3923.18994140625,11654.896,0,18058.005283748425
2024-03-01,4.605754363686602,3.656138640221252,4.605010256,3.65636227,3810.859619140625,11521.032258064515,0,17551.883320253994
2024-04-01,5.288152428534092,4.269806345790931,5.274332888,4.233531786,3907.260009765625,13295.466666666665,0,20662.186509556228
2024-05-01,5.122281889796385,4.110685181933275,5.083192334,4.04217077,3864.75,12769.032258064515,0,19796.338933590578
2024-06-01,5.476397290957513,4.504642939028907,5.476055618,4.504259122,4148.509765625,14536.266666666666,0,22718.887641979534
2024-07-01,5.668060628321793,4.729829987032975,5.66807802,4.733760064,4082.25,15011.096,0,23138.44049996664
2024-08-01,5.763719979028009,4.733228419933652,5.763758528,4.732878216,4125.1298828125,15546.584,0,23776.093521651874
2024-09-01,6.145621531915823,5.345374362023687,6.124654822,5.330330236,4179.31005859375,16961.866666666665,0,25684.45788464613
2024-10-01,6.101901958243263,4.891965735152141,6.101726774,4.892272242,4412.52978515625,17386.32,0,26924.824136851646
2024-11-01,6.723065158619577,4.985317201361576,6.723650076,4.984866282,4423.25,19652.533333333333,0,29737.797962864046
2024-12-01,7.586523491676141,5.23866863132106,7.569342308,5.218996926,4403.169921875,22118.967741935485,0,33404.75205014649
2025-01-01,7.802903892944973,5.399987884151012,,,4160.0498046875,22010.064516129038,0,32460.468815841068
2025-02-01,9.0283007636819,5.799154306072418,,,4130.5,24948.571428571428,0,37291.39630438809
2025-03-01,8.911322867036372,5.68097068983328,,,4125.830078125,24435.612903225807,0,36766.603920701775
2025-04-01,8.662249935464631,5.43548146592292,,,4195.25,24355.466666666664,0,36340.30404175799
2025-05-01,8.765336169148407,5.231643896236746,,,4128.75,24102.072,0,36189.88170837148
2025-06-01,8.006366535397031,4.325777560534786,,,4035.43994140625,21604.536,0,32309.211302479558
2025-07-01,6.982611072812417,3.6854227166033904,,,4186.75,18959.22580645161,0,29234.446909097387
2025-08-01,8.061996558266335,4.38413711840051,,,3978.695068359375,22064.258064516132,0,32076.22594750452
2025-09-01,8.808606933904557,4.648260190575751,,,3919.0,23729.066666666666,0,34520.93057397196
2025-10-01,8.902110458201472,4.741265278047232,,,3858.449951171875,23639.483870967746,0,34348.347662774104
2025-11-01,9.031883278364697,4.736106456904002,,,3691.856689453125,23117.06666666664,0,33344.418699590526
2025-12-01,8.386772093142575,4.194037412877251,,,3740.4599609375,21961.806451612905,0,31370.38521590779
2026-01-01,8.022858748510876,4.239252255531202,,,3652.280029296875,,0,29301.72678505599
2026-02-01,7.084615689871074,3.9593842043069545,,,3764.2900390625,,0,26668.548271967586
2026-03-01,7.365910734356386,3.896984314297671,,,3675.239990234375,,0,27071.48969540324
2026-04-01,,,,,3633.969970703125,,0,
2026-05-01,,,,,3728.0,,0,
2026-06-01,,,,,,,0,
2026-07-01,,,,,,,0,
2026-08-01,,,,,,,0,
2026-09-01,,,,,,,0,
2026-10-01,,,,,,,0,
2026-11-01,,,,,,,0,
2026-12-01,,,,,,,0,
