SEAS,YR,TOTAL,ANOM,fecha,oni,fase_enso
DJF,1950,24.72,-1.53,1950-01-01,-1.53,Nina
JFM,1950,25.17,-1.34,1950-02-01,-1.34,Nina
FMA,1950,25.75,-1.16,1950-03-01,-1.16,Nina
MAM,1950,26.12,-1.18,1950-04-01,-1.18,Nina
AMJ,1950,26.32,-1.07,1950-05-01,-1.07,Nina
MJJ,1950,26.31,-0.85,1950-06-01,-0.85,Nina
JJA,1950,26.21,-0.54,1950-07-01,-0.54,Nina
JAS,1950,25.96,-0.42,1950-08-01,-0.42,Neutro
ASO,1950,25.76,-0.39,1950-09-01,-0.39,Neutro
SON,1950,25.63,-0.44,1950-10-01,-0.44,Neutro
OND,1950,25.48,-0.6,1950-11-01,-0.6,Nina
NDJ,1950,25.34,-0.8,1950-12-01,-0.8,Nina
DJF,1951,25.42,-0.82,1951-01-01,-0.82,Nina
JFM,1951,25.96,-0.54,1951-02-01,-0.54,Nina
FMA,1951,26.74,-0.17,1951-03-01,-0.17,Neutro
MAM,1951,27.48,0.18,1951-04-01,0.18,Neutro
AMJ,1951,27.75,0.36,1951-05-01,0.36,Neutro
MJJ,1951,27.75,0.58,1951-06-01,0.58,Nino
JJA,1951,27.44,0.7,1951-07-01,0.7,Nino
JAS,1951,27.28,0.89,1951-08-01,0.89,Nino
ASO,1951,27.14,0.99,1951-09-01,0.99,Nino
SON,1951,27.22,1.15,1951-10-01,1.15,Nino
OND,1951,27.12,1.04,1951-11-01,1.04,Nino
NDJ,1951,26.95,0.81,1951-12-01,0.81,Nino
DJF,1952,26.78,0.53,1952-01-01,0.53,Nino
JFM,1952,26.87,0.37,1952-02-01,0.37,Neutro
FMA,1952,27.25,0.34,1952-03-01,0.34,Neutro
MAM,1952,27.6,0.29,1952-04-01,0.29,Neutro
AMJ,1952,27.59,0.2,1952-05-01,0.2,Neutro
MJJ,1952,27.17,0.0,1952-06-01,0.0,Neutro
JJA,1952,26.67,-0.08,1952-07-01,-0.08,Neutro
JAS,1952,26.39,0.0,1952-08-01,0.0,Neutro
ASO,1952,26.3,0.15,1952-09-01,0.15,Neutro
SON,1952,26.17,0.1,1952-10-01,0.1,Neutro
OND,1952,26.13,0.04,1952-11-01,0.04,Neutro
NDJ,1952,26.29,0.15,1952-12-01,0.15,Neutro
DJF,1953,26.65,0.4,1953-01-01,0.4,Neutro
JFM,1953,27.1,0.6,1953-02-01,0.6,Nino
FMA,1953,27.53,0.63,1953-03-01,0.63,Nino
MAM,1953,27.96,0.66,1953-04-01,0.66,Nino
AMJ,1953,28.14,0.75,1953-05-01,0.75,Nino
MJJ,1953,27.94,0.77,1953-06-01,0.77,Nino
JJA,1953,27.49,0.75,1953-07-01,0.75,Nino
JAS,1953,27.12,0.73,1953-08-01,0.73,Nino
ASO,1953,26.93,0.78,1953-09-01,0.78,Nino
SON,1953,26.91,0.84,1953-10-01,0.84,Nino
OND,1953,26.92,0.84,1953-11-01,0.84,Nino
NDJ,1953,26.95,0.81,1953-12-01,0.81,Nino
DJF,1954,27.0,0.76,1954-01-01,0.76,Nino
JFM,1954,26.97,0.47,1954-02-01,0.47,Neutro
FMA,1954,26.86,-0.05,1954-03-01,-0.05,Neutro
MAM,1954,26.89,-0.41,1954-04-01,-0.41,Neutro
AMJ,1954,26.85,-0.54,1954-05-01,-0.54,Nina
MJJ,1954,26.67,-0.5,1954-06-01,-0.5,Nina
JJA,1954,26.1,-0.64,1954-07-01,-0.64,Nina
JAS,1954,25.54,-0.84,1954-08-01,-0.84,Nina
ASO,1954,25.25,-0.9,1954-09-01,-0.9,Nina
SON,1954,25.3,-0.77,1954-10-01,-0.77,Nina
OND,1954,25.35,-0.73,1954-11-01,-0.73,Nina
NDJ,1954,25.48,-0.66,1954-12-01,-0.66,Nina
DJF,1955,25.57,-0.68,1955-01-01,-0.68,Nina
JFM,1955,25.89,-0.62,1955-02-01,-0.62,Nina
FMA,1955,26.22,-0.69,1955-03-01,-0.69,Nina
MAM,1955,26.5,-0.8,1955-04-01,-0.8,Nina
AMJ,1955,26.6,-0.79,1955-05-01,-0.79,Nina
MJJ,1955,26.45,-0.72,1955-06-01,-0.72,Nina
JJA,1955,26.06,-0.68,1955-07-01,-0.68,Nina
JAS,1955,25.64,-0.75,1955-08-01,-0.75,Nina
ASO,1955,25.06,-1.09,1955-09-01,-1.09,Nina
SON,1955,24.65,-1.42,1955-10-01,-1.42,Nina
OND,1955,24.41,-1.67,1955-11-01,-1.67,Nina
NDJ,1955,24.72,-1.47,1955-12-01,-1.47,Nina
DJF,1956,25.23,-1.11,1956-01-01,-1.11,Nina
JFM,1956,25.86,-0.76,1956-02-01,-0.76,Nina
FMA,1956,26.37,-0.63,1956-03-01,-0.63,Nina
MAM,1956,26.82,-0.54,1956-04-01,-0.54,Nina
AMJ,1956,26.93,-0.52,1956-05-01,-0.52,Nina
MJJ,1956,26.72,-0.51,1956-06-01,-0.51,Nina
JJA,1956,26.23,-0.57,1956-07-01,-0.57,Nina
JAS,1956,25.87,-0.55,1956-08-01,-0.55,Nina
ASO,1956,25.71,-0.46,1956-09-01,-0.46,Neutro
SON,1956,25.67,-0.42,1956-10-01,-0.42,Neutro
OND,1956,25.67,-0.43,1956-11-01,-0.43,Neutro
NDJ,1956,25.77,-0.43,1956-12-01,-0.43,Neutro
DJF,1957,26.09,-0.25,1957-01-01,-0.25,Neutro
JFM,1957,26.68,0.06,1957-02-01,0.06,Neutro
FMA,1957,27.41,0.41,1957-03-01,0.41,Neutro
MAM,1957,28.08,0.72,1957-04-01,0.72,Nino
AMJ,1957,28.37,0.92,1957-05-01,0.92,Nino
MJJ,1957,28.34,1.11,1957-06-01,1.11,Nino
JJA,1957,28.06,1.25,1957-07-01,1.25,Nino
JAS,1957,27.75,1.32,1957-08-01,1.32,Nino
ASO,1957,27.5,1.33,1957-09-01,1.33,Nino
SON,1957,27.48,1.39,1957-10-01,1.39,Nino
OND,1957,27.64,1.53,1957-11-01,1.53,Nino
NDJ,1957,27.94,1.74,1957-12-01,1.74,Nino
DJF,1958,28.15,1.81,1958-01-01,1.81,Nino
JFM,1958,28.27,1.66,1958-02-01,1.66,Nino
FMA,1958,28.26,1.27,1958-03-01,1.27,Nino
MAM,1958,28.28,0.93,1958-04-01,0.93,Nino
AMJ,1958,28.19,0.74,1958-05-01,0.74,Nino
MJJ,1958,27.87,0.64,1958-06-01,0.64,Nino
JJA,1958,27.38,0.57,1958-07-01,0.57,Nino
JAS,1958,26.85,0.43,1958-08-01,0.43,Neutro
ASO,1958,26.56,0.39,1958-09-01,0.39,Neutro
SON,1958,26.53,0.44,1958-10-01,0.44,Neutro
OND,1958,26.6,0.5,1958-11-01,0.5,Nino
NDJ,1958,26.81,0.61,1958-12-01,0.61,Nino
DJF,1959,26.95,0.61,1959-01-01,0.61,Nino
JFM,1959,27.24,0.62,1959-02-01,0.62,Nino
FMA,1959,27.51,0.52,1959-03-01,0.52,Nino
MAM,1959,27.68,0.33,1959-04-01,0.33,Neutro
AMJ,1959,27.65,0.2,1959-05-01,0.2,Neutro
MJJ,1959,27.16,-0.07,1959-06-01,-0.07,Neutro
JJA,1959,26.63,-0.18,1959-07-01,-0.18,Neutro
JAS,1959,26.15,-0.28,1959-08-01,-0.28,Neutro
ASO,1959,26.08,-0.09,1959-09-01,-0.09,Neutro
SON,1959,26.07,-0.03,1959-10-01,-0.03,Neutro
OND,1959,26.15,0.05,1959-11-01,0.05,Neutro
NDJ,1959,26.16,-0.04,1959-12-01,-0.04,Neutro
DJF,1960,26.24,-0.1,1960-01-01,-0.1,Neutro
JFM,1960,26.51,-0.1,1960-02-01,-0.1,Neutro
FMA,1960,26.92,-0.07,1960-03-01,-0.07,Neutro
MAM,1960,27.39,0.03,1960-04-01,0.03,Neutro
AMJ,1960,27.47,0.02,1960-05-01,0.02,Neutro
MJJ,1960,27.26,0.03,1960-06-01,0.03,Neutro
JJA,1960,26.93,0.13,1960-07-01,0.13,Neutro
JAS,1960,26.66,0.24,1960-08-01,0.24,Neutro
ASO,1960,26.44,0.27,1960-09-01,0.27,Neutro
SON,1960,26.3,0.2,1960-10-01,0.2,Neutro
OND,1960,26.23,0.12,1960-11-01,0.12,Neutro
NDJ,1960,26.23,0.05,1960-12-01,0.05,Neutro
DJF,1961,26.34,0.04,1961-01-01,0.04,Neutro
JFM,1961,26.58,0.03,1961-02-01,0.03,Neutro
FMA,1961,26.96,0.04,1961-03-01,0.04,Neutro
MAM,1961,27.35,0.09,1961-04-01,0.09,Neutro
AMJ,1961,27.59,0.23,1961-05-01,0.23,Neutro
MJJ,1961,27.42,0.27,1961-06-01,0.27,Neutro
JJA,1961,26.9,0.14,1961-07-01,0.14,Neutro
JAS,1961,26.27,-0.13,1961-08-01,-0.13,Neutro
ASO,1961,25.89,-0.3,1961-09-01,-0.3,Neutro
SON,1961,25.85,-0.26,1961-10-01,-0.26,Neutro
OND,1961,25.91,-0.19,1961-11-01,-0.19,Neutro
NDJ,1961,26.0,-0.16,1961-12-01,-0.16,Neutro
DJF,1962,26.05,-0.24,1962-01-01,-0.24,Neutro
JFM,1962,26.32,-0.22,1962-02-01,-0.22,Neutro
FMA,1962,26.71,-0.2,1962-03-01,-0.2,Neutro
MAM,1962,27.0,-0.26,1962-04-01,-0.26,Neutro
AMJ,1962,27.09,-0.28,1962-05-01,-0.28,Neutro
MJJ,1962,26.96,-0.2,1962-06-01,-0.2,Neutro
JJA,1962,26.72,-0.04,1962-07-01,-0.04,Neutro
JAS,1962,26.34,-0.07,1962-08-01,-0.07,Neutro
ASO,1962,26.07,-0.11,1962-09-01,-0.11,Neutro
SON,1962,25.88,-0.22,1962-10-01,-0.22,Neutro
OND,1962,25.79,-0.31,1962-11-01,-0.31,Neutro
NDJ,1962,25.73,-0.43,1962-12-01,-0.43,Neutro
DJF,1963,25.89,-0.4,1963-01-01,-0.4,Neutro
JFM,1963,26.39,-0.15,1963-02-01,-0.15,Neutro
FMA,1963,27.07,0.15,1963-03-01,0.15,Neutro
MAM,1963,27.53,0.27,1963-04-01,0.27,Neutro
AMJ,1963,27.68,0.31,1963-05-01,0.31,Neutro
MJJ,1963,27.67,0.52,1963-06-01,0.52,Nino
JJA,1963,27.62,0.86,1963-07-01,0.86,Nino
JAS,1963,27.54,1.14,1963-08-01,1.14,Nino
ASO,1963,27.4,1.22,1963-09-01,1.22,Nino
SON,1963,27.4,1.29,1963-10-01,1.29,Nino
OND,1963,27.47,1.37,1963-11-01,1.37,Nino
NDJ,1963,27.47,1.31,1963-12-01,1.31,Nino
DJF,1964,27.36,1.07,1964-01-01,1.07,Nino
JFM,1964,27.16,0.62,1964-02-01,0.62,Nino
FMA,1964,27.03,0.12,1964-03-01,0.12,Neutro
MAM,1964,26.93,-0.33,1964-04-01,-0.33,Neutro
AMJ,1964,26.78,-0.58,1964-05-01,-0.58,Nina
MJJ,1964,26.57,-0.58,1964-06-01,-0.58,Nina
JJA,1964,26.16,-0.6,1964-07-01,-0.6,Nina
JAS,1964,25.74,-0.66,1964-08-01,-0.66,Nina
ASO,1964,25.42,-0.76,1964-09-01,-0.76,Nina
SON,1964,25.31,-0.8,1964-10-01,-0.8,Nina
OND,1964,25.28,-0.82,1964-11-01,-0.82,Nina
NDJ,1964,25.38,-0.78,1964-12-01,-0.78,Nina
DJF,1965,25.69,-0.59,1965-01-01,-0.59,Nina
JFM,1965,26.27,-0.28,1965-02-01,-0.28,Neutro
FMA,1965,26.85,-0.07,1965-03-01,-0.07,Neutro
MAM,1965,27.44,0.18,1965-04-01,0.18,Neutro
AMJ,1965,27.82,0.46,1965-05-01,0.46,Neutro
MJJ,1965,27.99,0.83,1965-06-01,0.83,Nino
JJA,1965,27.98,1.22,1965-07-01,1.22,Nino
JAS,1965,27.95,1.54,1965-08-01,1.54,Nino
ASO,1965,28.04,1.85,1965-09-01,1.85,Nino
SON,1965,28.09,1.98,1965-10-01,1.98,Nino
OND,1965,28.07,1.97,1965-11-01,1.97,Nino
NDJ,1965,27.91,1.72,1965-12-01,1.72,Nino
DJF,1966,27.72,1.37,1966-01-01,1.37,Nino
JFM,1966,27.81,1.17,1966-02-01,1.17,Nino
FMA,1966,27.98,0.98,1966-03-01,0.98,Nino
MAM,1966,27.97,0.66,1966-04-01,0.66,Nino
AMJ,1966,27.78,0.35,1966-05-01,0.35,Neutro
MJJ,1966,27.5,0.24,1966-06-01,0.24,Neutro
JJA,1966,27.14,0.24,1966-07-01,0.24,Neutro
JAS,1966,26.69,0.12,1966-08-01,0.12,Neutro
ASO,1966,26.32,-0.05,1966-09-01,-0.05,Neutro
SON,1966,26.24,-0.1,1966-10-01,-0.1,Neutro
OND,1966,26.16,-0.18,1966-11-01,-0.18,Neutro
NDJ,1966,26.04,-0.3,1966-12-01,-0.3,Neutro
DJF,1967,26.01,-0.41,1967-01-01,-0.41,Neutro
JFM,1967,26.17,-0.48,1967-02-01,-0.48,Neutro
FMA,1967,26.46,-0.53,1967-03-01,-0.53,Nina
MAM,1967,26.87,-0.45,1967-04-01,-0.45,Neutro
AMJ,1967,27.19,-0.24,1967-05-01,-0.24,Neutro
MJJ,1967,27.26,-0.0,1967-06-01,-0.0,Neutro
JJA,1967,26.95,0.05,1967-07-01,0.05,Neutro
JAS,1967,26.41,-0.16,1967-08-01,-0.16,Neutro
ASO,1967,26.08,-0.3,1967-09-01,-0.3,Neutro
SON,1967,25.96,-0.38,1967-10-01,-0.38,Neutro
OND,1967,26.0,-0.34,1967-11-01,-0.34,Neutro
NDJ,1967,25.9,-0.44,1967-12-01,-0.44,Neutro
DJF,1968,25.78,-0.64,1968-01-01,-0.64,Nina
JFM,1968,25.91,-0.74,1968-02-01,-0.74,Nina
FMA,1968,26.38,-0.62,1968-03-01,-0.62,Nina
MAM,1968,26.88,-0.44,1968-04-01,-0.44,Neutro
AMJ,1968,27.39,-0.04,1968-05-01,-0.04,Neutro
MJJ,1968,27.54,0.28,1968-06-01,0.28,Neutro
JJA,1968,27.48,0.58,1968-07-01,0.58,Nino
JAS,1968,27.1,0.53,1968-08-01,0.53,Nino
ASO,1968,26.82,0.45,1968-09-01,0.45,Neutro
SON,1968,26.89,0.55,1968-10-01,0.55,Nino
OND,1968,27.07,0.73,1968-11-01,0.73,Nino
NDJ,1968,27.32,0.98,1968-12-01,0.98,Nino
DJF,1969,27.54,1.13,1969-01-01,1.13,Nino
JFM,1969,27.73,1.09,1969-02-01,1.09,Nino
FMA,1969,27.94,0.95,1969-03-01,0.95,Nino
MAM,1969,28.09,0.77,1969-04-01,0.77,Nino
AMJ,1969,28.04,0.61,1969-05-01,0.61,Nino
MJJ,1969,27.69,0.43,1969-06-01,0.43,Neutro
JJA,1969,27.26,0.36,1969-07-01,0.36,Neutro
JAS,1969,27.08,0.51,1969-08-01,0.51,Nino
ASO,1969,27.17,0.79,1969-09-01,0.79,Nino
SON,1969,27.2,0.86,1969-10-01,0.86,Nino
OND,1969,27.14,0.81,1969-11-01,0.81,Nino
NDJ,1969,26.98,0.63,1969-12-01,0.63,Nino
DJF,1970,26.93,0.51,1970-01-01,0.51,Nino
JFM,1970,26.98,0.34,1970-02-01,0.34,Neutro
FMA,1970,27.29,0.29,1970-03-01,0.29,Neutro
MAM,1970,27.51,0.19,1970-04-01,0.19,Neutro
AMJ,1970,27.47,0.04,1970-05-01,0.04,Neutro
MJJ,1970,26.96,-0.3,1970-06-01,-0.3,Neutro
JJA,1970,26.28,-0.63,1970-07-01,-0.63,Nina
JAS,1970,25.81,-0.76,1970-08-01,-0.76,Nina
ASO,1970,25.61,-0.77,1970-09-01,-0.77,Nina
SON,1970,25.6,-0.74,1970-10-01,-0.74,Nina
OND,1970,25.48,-0.86,1970-11-01,-0.86,Nina
NDJ,1970,25.22,-1.15,1970-12-01,-1.15,Nina
DJF,1971,25.1,-1.36,1971-01-01,-1.36,Nina
JFM,1971,25.32,-1.38,1971-02-01,-1.38,Nina
FMA,1971,25.92,-1.12,1971-03-01,-1.12,Nina
MAM,1971,26.51,-0.85,1971-04-01,-0.85,Nina
AMJ,1971,26.73,-0.73,1971-05-01,-0.73,Nina
MJJ,1971,26.56,-0.74,1971-06-01,-0.74,Nina
JJA,1971,26.15,-0.8,1971-07-01,-0.8,Nina
JAS,1971,25.86,-0.77,1971-08-01,-0.77,Nina
ASO,1971,25.64,-0.82,1971-09-01,-0.82,Nina
SON,1971,25.58,-0.85,1971-10-01,-0.85,Nina
OND,1971,25.46,-0.96,1971-11-01,-0.96,Nina
NDJ,1971,25.52,-0.9,1971-12-01,-0.9,Nina
DJF,1972,25.77,-0.71,1972-01-01,-0.71,Nina
JFM,1972,26.35,-0.35,1972-02-01,-0.35,Neutro
FMA,1972,27.1,0.06,1972-03-01,0.06,Neutro
MAM,1972,27.77,0.41,1972-04-01,0.41,Neutro
AMJ,1972,28.13,0.67,1972-05-01,0.67,Nino
MJJ,1972,28.21,0.92,1972-06-01,0.92,Nino
JJA,1972,28.09,1.13,1972-07-01,1.13,Nino
JAS,1972,28.0,1.37,1972-08-01,1.37,Nino
ASO,1972,28.04,1.58,1972-09-01,1.58,Nino
SON,1972,28.26,1.84,1972-10-01,1.84,Nino
OND,1972,28.51,2.09,1972-11-01,2.09,Nino
NDJ,1972,28.54,2.12,1972-12-01,2.12,Nino
DJF,1973,28.32,1.84,1973-01-01,1.84,Nino
JFM,1973,27.95,1.25,1973-02-01,1.25,Nino
FMA,1973,27.59,0.54,1973-03-01,0.54,Nino
MAM,1973,27.26,-0.1,1973-04-01,-0.1,Neutro
AMJ,1973,26.92,-0.54,1973-05-01,-0.54,Nina
MJJ,1973,26.42,-0.87,1973-06-01,-0.87,Nina
JJA,1973,25.84,-1.11,1973-07-01,-1.11,Nina
JAS,1973,25.35,-1.28,1973-08-01,-1.28,Nina
ASO,1973,25.01,-1.45,1973-09-01,-1.45,Nina
SON,1973,24.71,-1.71,1973-10-01,-1.71,Nina
OND,1973,24.47,-1.95,1973-11-01,-1.95,Nina
NDJ,1973,24.38,-2.03,1973-12-01,-2.03,Nina
DJF,1974,24.64,-1.84,1974-01-01,-1.84,Nina
JFM,1974,25.14,-1.55,1974-02-01,-1.55,Nina
FMA,1974,25.82,-1.23,1974-03-01,-1.23,Nina
MAM,1974,26.33,-1.03,1974-04-01,-1.03,Nina
AMJ,1974,26.55,-0.91,1974-05-01,-0.91,Nina
MJJ,1974,26.52,-0.77,1974-06-01,-0.77,Nina
JJA,1974,26.42,-0.53,1974-07-01,-0.53,Nina
JAS,1974,26.26,-0.37,1974-08-01,-0.37,Neutro
ASO,1974,26.06,-0.41,1974-09-01,-0.41,Neutro
SON,1974,25.82,-0.61,1974-10-01,-0.61,Nina
OND,1974,25.67,-0.75,1974-11-01,-0.75,Nina
NDJ,1974,25.78,-0.64,1974-12-01,-0.64,Nina
DJF,1975,25.94,-0.54,1975-01-01,-0.54,Nina
JFM,1975,26.13,-0.57,1975-02-01,-0.57,Nina
FMA,1975,26.39,-0.65,1975-03-01,-0.65,Nina
MAM,1975,26.63,-0.73,1975-04-01,-0.73,Nina
AMJ,1975,26.64,-0.83,1975-05-01,-0.83,Nina
MJJ,1975,26.31,-0.98,1975-06-01,-0.98,Nina
JJA,1975,25.82,-1.13,1975-07-01,-1.13,Nina
JAS,1975,25.43,-1.2,1975-08-01,-1.2,Nina
ASO,1975,25.09,-1.37,1975-09-01,-1.37,Nina
SON,1975,25.0,-1.43,1975-10-01,-1.43,Nina
OND,1975,24.87,-1.55,1975-11-01,-1.55,Nina
NDJ,1975,24.75,-1.65,1975-12-01,-1.65,Nina
DJF,1976,24.9,-1.56,1976-01-01,-1.56,Nina
JFM,1976,25.5,-1.17,1976-02-01,-1.17,Nina
FMA,1976,26.28,-0.73,1976-03-01,-0.73,Nina
MAM,1976,26.85,-0.47,1976-04-01,-0.47,Neutro
AMJ,1976,27.15,-0.28,1976-05-01,-0.28,Neutro
MJJ,1976,27.22,-0.05,1976-06-01,-0.05,Neutro
JJA,1976,27.15,0.18,1976-07-01,0.18,Neutro
JAS,1976,27.04,0.35,1976-08-01,0.35,Neutro
ASO,1976,27.15,0.62,1976-09-01,0.62,Nino
SON,1976,27.29,0.81,1976-10-01,0.81,Nino
OND,1976,27.32,0.86,1976-11-01,0.86,Nino
NDJ,1976,27.27,0.85,1976-12-01,0.85,Nino
DJF,1977,27.18,0.71,1977-01-01,0.71,Nino
JFM,1977,27.31,0.64,1977-02-01,0.64,Nino
FMA,1977,27.35,0.34,1977-03-01,0.34,Neutro
MAM,1977,27.55,0.23,1977-04-01,0.23,Neutro
AMJ,1977,27.64,0.21,1977-05-01,0.21,Neutro
MJJ,1977,27.61,0.34,1977-06-01,0.34,Neutro
JJA,1977,27.32,0.35,1977-07-01,0.35,Neutro
JAS,1977,27.11,0.42,1977-08-01,0.42,Neutro
ASO,1977,27.1,0.57,1977-09-01,0.57,Nino
SON,1977,27.21,0.73,1977-10-01,0.73,Nino
OND,1977,27.27,0.81,1977-11-01,0.81,Nino
NDJ,1977,27.21,0.79,1977-12-01,0.79,Nino
DJF,1978,27.15,0.69,1978-01-01,0.69,Nino
JFM,1978,27.09,0.42,1978-02-01,0.42,Neutro
FMA,1978,27.08,0.06,1978-03-01,0.06,Neutro
MAM,1978,27.14,-0.18,1978-04-01,-0.18,Neutro
AMJ,1978,27.11,-0.31,1978-05-01,-0.31,Neutro
MJJ,1978,26.98,-0.29,1978-06-01,-0.29,Neutro
JJA,1978,26.61,-0.36,1978-07-01,-0.36,Neutro
JAS,1978,26.27,-0.42,1978-08-01,-0.42,Neutro
ASO,1978,26.11,-0.42,1978-09-01,-0.42,Neutro
SON,1978,26.19,-0.29,1978-10-01,-0.29,Neutro
OND,1978,26.37,-0.08,1978-11-01,-0.08,Neutro
NDJ,1978,26.43,0.0,1978-12-01,0.0,Neutro
DJF,1979,26.5,0.03,1979-01-01,0.03,Neutro
JFM,1979,26.75,0.07,1979-02-01,0.07,Neutro
FMA,1979,27.22,0.2,1979-03-01,0.2,Neutro
MAM,1979,27.6,0.28,1979-04-01,0.28,Neutro
AMJ,1979,27.66,0.23,1979-05-01,0.23,Neutro
MJJ,1979,27.32,0.05,1979-06-01,0.05,Neutro
JJA,1979,27.0,0.04,1979-07-01,0.04,Neutro
JAS,1979,26.86,0.17,1979-08-01,0.17,Neutro
ASO,1979,26.86,0.33,1979-09-01,0.33,Neutro
SON,1979,26.94,0.45,1979-10-01,0.45,Neutro
OND,1979,26.98,0.52,1979-11-01,0.52,Nino
NDJ,1979,27.06,0.64,1979-12-01,0.64,Nino
DJF,1980,27.06,0.59,1980-01-01,0.59,Nino
JFM,1980,27.13,0.46,1980-02-01,0.46,Neutro
FMA,1980,27.35,0.34,1980-03-01,0.34,Neutro
MAM,1980,27.7,0.38,1980-04-01,0.38,Neutro
AMJ,1980,27.9,0.48,1980-05-01,0.48,Neutro
MJJ,1980,27.73,0.46,1980-06-01,0.46,Neutro
JJA,1980,27.22,0.25,1980-07-01,0.25,Neutro
JAS,1980,26.72,0.03,1980-08-01,0.03,Neutro
ASO,1980,26.46,-0.07,1980-09-01,-0.07,Neutro
SON,1980,26.5,0.02,1980-10-01,0.02,Neutro
OND,1980,26.57,0.11,1980-11-01,0.11,Neutro
NDJ,1980,26.48,-0.01,1980-12-01,-0.01,Neutro
DJF,1981,26.32,-0.26,1981-01-01,-0.26,Neutro
JFM,1981,26.32,-0.5,1981-02-01,-0.5,Nina
FMA,1981,26.69,-0.47,1981-03-01,-0.47,Neutro
MAM,1981,27.11,-0.37,1981-04-01,-0.37,Neutro
AMJ,1981,27.31,-0.26,1981-05-01,-0.26,Neutro
MJJ,1981,27.09,-0.29,1981-06-01,-0.29,Neutro
JJA,1981,26.75,-0.3,1981-07-01,-0.3,Neutro
JAS,1981,26.5,-0.25,1981-08-01,-0.25,Neutro
ASO,1981,26.42,-0.16,1981-09-01,-0.16,Neutro
SON,1981,26.41,-0.13,1981-10-01,-0.13,Neutro
OND,1981,26.37,-0.15,1981-11-01,-0.15,Neutro
NDJ,1981,26.46,-0.08,1981-12-01,-0.08,Neutro
DJF,1982,26.56,-0.05,1982-01-01,-0.05,Neutro
JFM,1982,26.9,0.07,1982-02-01,0.07,Neutro
FMA,1982,27.35,0.19,1982-03-01,0.19,Neutro
MAM,1982,27.95,0.47,1982-04-01,0.47,Neutro
AMJ,1982,28.23,0.66,1982-05-01,0.66,Nino
MJJ,1982,28.1,0.72,1982-06-01,0.72,Nino
JJA,1982,27.83,0.79,1982-07-01,0.79,Nino
JAS,1982,27.81,1.07,1982-08-01,1.07,Nino
ASO,1982,28.16,1.58,1982-09-01,1.58,Nino
SON,1982,28.5,1.97,1982-10-01,1.97,Nino
OND,1982,28.7,2.18,1982-11-01,2.18,Nino
NDJ,1982,28.76,2.23,1982-12-01,2.23,Nino
DJF,1983,28.79,2.18,1983-01-01,2.18,Nino
JFM,1983,28.75,1.92,1983-02-01,1.92,Nino
FMA,1983,28.71,1.54,1983-03-01,1.54,Nino
MAM,1983,28.76,1.29,1983-04-01,1.29,Nino
AMJ,1983,28.63,1.06,1983-05-01,1.06,Nino
MJJ,1983,28.1,0.72,1983-06-01,0.72,Nino
JJA,1983,27.36,0.31,1983-07-01,0.31,Neutro
JAS,1983,26.66,-0.08,1983-08-01,-0.08,Neutro
ASO,1983,26.12,-0.46,1983-09-01,-0.46,Neutro
SON,1983,25.73,-0.81,1983-10-01,-0.81,Nina
OND,1983,25.52,-1.0,1983-11-01,-1.0,Nina
NDJ,1983,25.62,-0.91,1983-12-01,-0.91,Nina
DJF,1984,26.01,-0.6,1984-01-01,-0.6,Nina
JFM,1984,26.41,-0.42,1984-02-01,-0.42,Neutro
FMA,1984,26.83,-0.34,1984-03-01,-0.34,Neutro
MAM,1984,27.04,-0.43,1984-04-01,-0.43,Neutro
AMJ,1984,27.06,-0.51,1984-05-01,-0.51,Nina
MJJ,1984,26.94,-0.45,1984-06-01,-0.45,Neutro
JJA,1984,26.74,-0.3,1984-07-01,-0.3,Neutro
JAS,1984,26.59,-0.16,1984-08-01,-0.16,Neutro
ASO,1984,26.34,-0.24,1984-09-01,-0.24,Neutro
SON,1984,25.98,-0.56,1984-10-01,-0.56,Nina
OND,1984,25.61,-0.92,1984-11-01,-0.92,Nina
NDJ,1984,25.39,-1.14,1984-12-01,-1.14,Nina
DJF,1985,25.56,-1.04,1985-01-01,-1.04,Nina
JFM,1985,25.98,-0.85,1985-02-01,-0.85,Nina
FMA,1985,26.4,-0.77,1985-03-01,-0.77,Nina
MAM,1985,26.69,-0.78,1985-04-01,-0.78,Nina
AMJ,1985,26.79,-0.78,1985-05-01,-0.78,Nina
MJJ,1985,26.76,-0.63,1985-06-01,-0.63,Nina
JJA,1985,26.55,-0.49,1985-07-01,-0.49,Neutro
JAS,1985,26.29,-0.46,1985-08-01,-0.46,Neutro
ASO,1985,26.18,-0.4,1985-09-01,-0.4,Neutro
SON,1985,26.19,-0.35,1985-10-01,-0.35,Neutro
OND,1985,26.25,-0.27,1985-11-01,-0.27,Neutro
NDJ,1985,26.14,-0.36,1985-12-01,-0.36,Neutro
DJF,1986,26.05,-0.49,1986-01-01,-0.49,Neutro
JFM,1986,26.28,-0.47,1986-02-01,-0.47,Neutro
FMA,1986,26.81,-0.31,1986-03-01,-0.31,Neutro
MAM,1986,27.26,-0.2,1986-04-01,-0.2,Neutro
AMJ,1986,27.44,-0.12,1986-05-01,-0.12,Neutro
MJJ,1986,27.34,-0.04,1986-06-01,-0.04,Neutro
JJA,1986,27.26,0.22,1986-07-01,0.22,Neutro
JAS,1986,27.2,0.44,1986-08-01,0.44,Neutro
ASO,1986,27.31,0.71,1986-09-01,0.71,Nino
SON,1986,27.49,0.94,1986-10-01,0.94,Nino
OND,1986,27.64,1.14,1986-11-01,1.14,Nino
NDJ,1986,27.7,1.22,1986-12-01,1.22,Nino
DJF,1987,27.76,1.23,1987-01-01,1.23,Nino
JFM,1987,27.95,1.19,1987-02-01,1.19,Nino
FMA,1987,28.19,1.06,1987-03-01,1.06,Nino
MAM,1987,28.41,0.95,1987-04-01,0.95,Nino
AMJ,1987,28.53,0.97,1987-05-01,0.97,Nino
MJJ,1987,28.59,1.22,1987-06-01,1.22,Nino
JJA,1987,28.54,1.51,1987-07-01,1.51,Nino
JAS,1987,28.45,1.7,1987-08-01,1.7,Nino
ASO,1987,28.24,1.65,1987-09-01,1.65,Nino
SON,1987,28.03,1.48,1987-10-01,1.48,Nino
OND,1987,27.76,1.25,1987-11-01,1.25,Nino
NDJ,1987,27.59,1.11,1987-12-01,1.11,Nino
DJF,1988,27.34,0.81,1988-01-01,0.81,Nino
JFM,1988,27.29,0.54,1988-02-01,0.54,Nino
FMA,1988,27.27,0.14,1988-03-01,0.14,Neutro
MAM,1988,27.15,-0.31,1988-04-01,-0.31,Neutro
AMJ,1988,26.69,-0.88,1988-05-01,-0.88,Nina
MJJ,1988,26.08,-1.3,1988-06-01,-1.3,Nina
JJA,1988,25.74,-1.3,1988-07-01,-1.3,Nina
JAS,1988,25.65,-1.11,1988-08-01,-1.11,Nina
ASO,1988,25.4,-1.19,1988-09-01,-1.19,Nina
SON,1988,25.07,-1.48,1988-10-01,-1.48,Nina
OND,1988,24.71,-1.8,1988-11-01,-1.8,Nina
NDJ,1988,24.63,-1.85,1988-12-01,-1.85,Nina
DJF,1989,24.84,-1.69,1989-01-01,-1.69,Nina
JFM,1989,25.32,-1.43,1989-02-01,-1.43,Nina
FMA,1989,26.04,-1.08,1989-03-01,-1.08,Nina
MAM,1989,26.64,-0.83,1989-04-01,-0.83,Nina
AMJ,1989,26.99,-0.58,1989-05-01,-0.58,Nina
MJJ,1989,26.97,-0.4,1989-06-01,-0.4,Neutro
JJA,1989,26.73,-0.31,1989-07-01,-0.31,Neutro
JAS,1989,26.48,-0.27,1989-08-01,-0.27,Neutro
ASO,1989,26.35,-0.24,1989-09-01,-0.24,Neutro
SON,1989,26.33,-0.22,1989-10-01,-0.22,Neutro
OND,1989,26.34,-0.16,1989-11-01,-0.16,Neutro
NDJ,1989,26.43,-0.05,1989-12-01,-0.05,Neutro
DJF,1990,26.67,0.14,1990-01-01,0.14,Neutro
JFM,1990,26.96,0.21,1990-02-01,0.21,Neutro
FMA,1990,27.41,0.28,1990-03-01,0.28,Neutro
MAM,1990,27.75,0.29,1990-04-01,0.29,Neutro
AMJ,1990,27.86,0.29,1990-05-01,0.29,Neutro
MJJ,1990,27.68,0.31,1990-06-01,0.31,Neutro
JJA,1990,27.37,0.33,1990-07-01,0.33,Neutro
JAS,1990,27.13,0.38,1990-08-01,0.38,Neutro
ASO,1990,26.98,0.39,1990-09-01,0.39,Neutro
SON,1990,26.89,0.35,1990-10-01,0.35,Neutro
OND,1990,26.9,0.4,1990-11-01,0.4,Neutro
NDJ,1990,26.94,0.41,1990-12-01,0.41,Neutro
DJF,1991,27.02,0.41,1991-01-01,0.41,Neutro
JFM,1991,27.15,0.26,1991-02-01,0.26,Neutro
FMA,1991,27.48,0.22,1991-03-01,0.22,Neutro
MAM,1991,27.85,0.26,1991-04-01,0.26,Neutro
AMJ,1991,28.16,0.45,1991-05-01,0.45,Neutro
MJJ,1991,28.17,0.64,1991-06-01,0.64,Nino
JJA,1991,27.94,0.73,1991-07-01,0.73,Nino
JAS,1991,27.57,0.64,1991-08-01,0.64,Nino
ASO,1991,27.41,0.62,1991-09-01,0.62,Nino
SON,1991,27.54,0.79,1991-10-01,0.79,Nino
OND,1991,27.91,1.21,1991-11-01,1.21,Nino
NDJ,1991,28.18,1.53,1991-12-01,1.53,Nino
DJF,1992,28.39,1.71,1992-01-01,1.71,Nino
JFM,1992,28.52,1.63,1992-02-01,1.63,Nino
FMA,1992,28.73,1.48,1992-03-01,1.48,Nino
MAM,1992,28.88,1.29,1992-04-01,1.29,Nino
AMJ,1992,28.76,1.06,1992-05-01,1.06,Nino
MJJ,1992,28.26,0.73,1992-06-01,0.73,Nino
JJA,1992,27.57,0.37,1992-07-01,0.37,Neutro
JAS,1992,27.03,0.09,1992-08-01,0.09,Neutro
ASO,1992,26.66,-0.13,1992-09-01,-0.13,Neutro
SON,1992,26.5,-0.25,1992-10-01,-0.25,Neutro
OND,1992,26.43,-0.28,1992-11-01,-0.28,Neutro
NDJ,1992,26.52,-0.13,1992-12-01,-0.13,Neutro
DJF,1993,26.77,0.09,1993-01-01,0.09,Neutro
JFM,1993,27.18,0.3,1993-02-01,0.3,Neutro
FMA,1993,27.75,0.5,1993-03-01,0.5,Nino
MAM,1993,28.27,0.67,1993-04-01,0.67,Nino
AMJ,1993,28.4,0.7,1993-05-01,0.7,Nino
MJJ,1993,28.1,0.57,1993-06-01,0.57,Nino
JJA,1993,27.53,0.32,1993-07-01,0.32,Neutro
JAS,1993,27.19,0.25,1993-08-01,0.25,Neutro
ASO,1993,26.94,0.15,1993-09-01,0.15,Neutro
SON,1993,26.85,0.1,1993-10-01,0.1,Neutro
OND,1993,26.75,0.04,1993-11-01,0.04,Neutro
NDJ,1993,26.71,0.06,1993-12-01,0.06,Neutro
DJF,1994,26.74,0.06,1994-01-01,0.06,Neutro
JFM,1994,26.95,0.07,1994-02-01,0.07,Neutro
FMA,1994,27.43,0.17,1994-03-01,0.17,Neutro
MAM,1994,27.9,0.31,1994-04-01,0.31,Neutro
AMJ,1994,28.12,0.42,1994-05-01,0.42,Neutro
MJJ,1994,27.94,0.41,1994-06-01,0.41,Neutro
JJA,1994,27.65,0.44,1994-07-01,0.44,Neutro
JAS,1994,27.37,0.43,1994-08-01,0.43,Neutro
ASO,1994,27.35,0.55,1994-09-01,0.55,Nino
SON,1994,27.49,0.74,1994-10-01,0.74,Nino
OND,1994,27.71,1.01,1994-11-01,1.01,Nino
NDJ,1994,27.74,1.09,1994-12-01,1.09,Nino
DJF,1995,27.64,0.96,1995-01-01,0.96,Nino
JFM,1995,27.61,0.72,1995-02-01,0.72,Nino
FMA,1995,27.79,0.53,1995-03-01,0.53,Nino
MAM,1995,27.9,0.3,1995-04-01,0.3,Neutro
AMJ,1995,27.84,0.14,1995-05-01,0.14,Neutro
MJJ,1995,27.5,-0.03,1995-06-01,-0.03,Neutro
JJA,1995,26.97,-0.24,1995-07-01,-0.24,Neutro
JAS,1995,26.4,-0.54,1995-08-01,-0.54,Nina
ASO,1995,25.99,-0.81,1995-09-01,-0.81,Nina
SON,1995,25.78,-0.97,1995-10-01,-0.97,Nina
OND,1995,25.7,-1.0,1995-11-01,-1.0,Nina
NDJ,1995,25.66,-0.98,1995-12-01,-0.98,Nina
DJF,1996,25.76,-0.9,1996-01-01,-0.9,Nina
JFM,1996,26.1,-0.75,1996-02-01,-0.75,Nina
FMA,1996,26.65,-0.59,1996-03-01,-0.59,Nina
MAM,1996,27.2,-0.39,1996-04-01,-0.39,Neutro
AMJ,1996,27.4,-0.31,1996-05-01,-0.31,Neutro
MJJ,1996,27.23,-0.3,1996-06-01,-0.3,Neutro
JJA,1996,26.93,-0.27,1996-07-01,-0.27,Neutro
JAS,1996,26.59,-0.32,1996-08-01,-0.32,Neutro
ASO,1996,26.39,-0.35,1996-09-01,-0.35,Neutro
SON,1996,26.28,-0.4,1996-10-01,-0.4,Neutro
OND,1996,26.17,-0.45,1996-11-01,-0.45,Neutro
NDJ,1996,26.09,-0.49,1996-12-01,-0.49,Neutro
DJF,1997,26.12,-0.5,1997-01-01,-0.5,Nina
JFM,1997,26.49,-0.36,1997-02-01,-0.36,Neutro
FMA,1997,27.14,-0.1,1997-03-01,-0.1,Neutro
MAM,1997,27.87,0.28,1997-04-01,0.28,Neutro
AMJ,1997,28.46,0.75,1997-05-01,0.75,Nino
MJJ,1997,28.75,1.22,1997-06-01,1.22,Nino
JJA,1997,28.8,1.6,1997-07-01,1.6,Nino
JAS,1997,28.81,1.9,1997-08-01,1.9,Nino
ASO,1997,28.88,2.14,1997-09-01,2.14,Nino
SON,1997,29.01,2.33,1997-10-01,2.33,Nino
OND,1997,29.02,2.4,1997-11-01,2.4,Nino
NDJ,1997,28.97,2.39,1997-12-01,2.39,Nino
DJF,1998,28.87,2.24,1998-01-01,2.24,Nino
JFM,1998,28.78,1.93,1998-02-01,1.93,Nino
FMA,1998,28.68,1.44,1998-03-01,1.44,Nino
MAM,1998,28.59,0.99,1998-04-01,0.99,Nino
AMJ,1998,28.16,0.45,1998-05-01,0.45,Neutro
MJJ,1998,27.39,-0.13,1998-06-01,-0.13,Neutro
JJA,1998,26.42,-0.78,1998-07-01,-0.78,Nina
JAS,1998,25.79,-1.12,1998-08-01,-1.12,Nina
ASO,1998,25.44,-1.31,1998-09-01,-1.31,Nina
SON,1998,25.32,-1.35,1998-10-01,-1.35,Nina
OND,1998,25.14,-1.48,1998-11-01,-1.48,Nina
NDJ,1998,25.01,-1.57,1998-12-01,-1.57,Nina
DJF,1999,25.08,-1.55,1999-01-01,-1.55,Nina
JFM,1999,25.55,-1.3,1999-02-01,-1.3,Nina
FMA,1999,26.17,-1.07,1999-03-01,-1.07,Nina
MAM,1999,26.62,-0.98,1999-04-01,-0.98,Nina
AMJ,1999,26.68,-1.02,1999-05-01,-1.02,Nina
MJJ,1999,26.49,-1.04,1999-06-01,-1.04,Nina
JJA,1999,26.1,-1.1,1999-07-01,-1.1,Nina
JAS,1999,25.8,-1.11,1999-08-01,-1.11,Nina
ASO,1999,25.58,-1.16,1999-09-01,-1.16,Nina
SON,1999,25.41,-1.26,1999-10-01,-1.26,Nina
OND,1999,25.16,-1.46,1999-11-01,-1.46,Nina
NDJ,1999,24.93,-1.65,1999-12-01,-1.65,Nina
DJF,2000,24.96,-1.66,2000-01-01,-1.66,Nina
JFM,2000,25.44,-1.41,2000-02-01,-1.41,Nina
FMA,2000,26.17,-1.07,2000-03-01,-1.07,Nina
MAM,2000,26.78,-0.81,2000-04-01,-0.81,Nina
AMJ,2000,27.0,-0.71,2000-05-01,-0.71,Nina
MJJ,2000,26.88,-0.64,2000-06-01,-0.64,Nina
JJA,2000,26.65,-0.55,2000-07-01,-0.55,Nina
JAS,2000,26.4,-0.51,2000-08-01,-0.51,Nina
ASO,2000,26.2,-0.55,2000-09-01,-0.55,Nina
SON,2000,26.05,-0.63,2000-10-01,-0.63,Nina
OND,2000,25.88,-0.75,2000-11-01,-0.75,Nina
NDJ,2000,25.81,-0.74,2000-12-01,-0.74,Nina
DJF,2001,25.88,-0.68,2001-01-01,-0.68,Nina
JFM,2001,26.26,-0.52,2001-02-01,-0.52,Nina
FMA,2001,26.76,-0.44,2001-03-01,-0.44,Neutro
MAM,2001,27.25,-0.34,2001-04-01,-0.34,Neutro
AMJ,2001,27.49,-0.25,2001-05-01,-0.25,Neutro
MJJ,2001,27.47,-0.12,2001-06-01,-0.12,Neutro
JJA,2001,27.2,-0.08,2001-07-01,-0.08,Neutro
JAS,2001,26.86,-0.13,2001-08-01,-0.13,Neutro
ASO,2001,26.63,-0.19,2001-09-01,-0.19,Neutro
SON,2001,26.48,-0.29,2001-10-01,-0.29,Neutro
OND,2001,26.37,-0.35,2001-11-01,-0.35,Neutro
NDJ,2001,26.31,-0.31,2001-12-01,-0.31,Neutro
DJF,2002,26.44,-0.15,2002-01-01,-0.15,Neutro
JFM,2002,26.81,0.03,2002-02-01,0.03,Neutro
FMA,2002,27.29,0.09,2002-03-01,0.09,Neutro
MAM,2002,27.8,0.2,2002-04-01,0.2,Neutro
AMJ,2002,28.18,0.43,2002-05-01,0.43,Neutro
MJJ,2002,28.24,0.65,2002-06-01,0.65,Nino
JJA,2002,28.06,0.79,2002-07-01,0.79,Nino
JAS,2002,27.85,0.86,2002-08-01,0.86,Nino
ASO,2002,27.83,1.01,2002-09-01,1.01,Nino
SON,2002,27.97,1.21,2002-10-01,1.21,Nino
OND,2002,28.03,1.31,2002-11-01,1.31,Nino
NDJ,2002,27.76,1.14,2002-12-01,1.14,Nino
DJF,2003,27.51,0.92,2003-01-01,0.92,Nino
JFM,2003,27.41,0.63,2003-02-01,0.63,Nino
FMA,2003,27.58,0.38,2003-03-01,0.38,Neutro
MAM,2003,27.56,-0.04,2003-04-01,-0.04,Neutro
AMJ,2003,27.48,-0.26,2003-05-01,-0.26,Neutro
MJJ,2003,27.42,-0.16,2003-06-01,-0.16,Neutro
JJA,2003,27.35,0.08,2003-07-01,0.08,Neutro
JAS,2003,27.2,0.21,2003-08-01,0.21,Neutro
ASO,2003,27.08,0.26,2003-09-01,0.26,Neutro
SON,2003,27.05,0.29,2003-10-01,0.29,Neutro
OND,2003,27.07,0.35,2003-11-01,0.35,Neutro
NDJ,2003,26.97,0.35,2003-12-01,0.35,Neutro
DJF,2004,26.95,0.37,2004-01-01,0.37,Neutro
JFM,2004,27.08,0.31,2004-02-01,0.31,Neutro
FMA,2004,27.43,0.23,2004-03-01,0.23,Neutro
MAM,2004,27.76,0.17,2004-04-01,0.17,Neutro
AMJ,2004,27.91,0.17,2004-05-01,0.17,Neutro
MJJ,2004,27.87,0.28,2004-06-01,0.28,Neutro
JJA,2004,27.74,0.47,2004-07-01,0.47,Neutro
JAS,2004,27.63,0.64,2004-08-01,0.64,Nino
ASO,2004,27.52,0.7,2004-09-01,0.7,Nino
SON,2004,27.44,0.67,2004-10-01,0.67,Nino
OND,2004,27.38,0.66,2004-11-01,0.66,Nino
NDJ,2004,27.3,0.69,2004-12-01,0.69,Nino
DJF,2005,27.22,0.64,2005-01-01,0.64,Nino
JFM,2005,27.36,0.58,2005-02-01,0.58,Nino
FMA,2005,27.65,0.45,2005-03-01,0.45,Neutro
MAM,2005,28.02,0.43,2005-04-01,0.43,Neutro
AMJ,2005,28.03,0.29,2005-05-01,0.29,Neutro
MJJ,2005,27.69,0.11,2005-06-01,0.11,Neutro
JJA,2005,27.21,-0.06,2005-07-01,-0.06,Neutro
JAS,2005,26.85,-0.14,2005-08-01,-0.14,Neutro
ASO,2005,26.71,-0.11,2005-09-01,-0.11,Neutro
SON,2005,26.48,-0.29,2005-10-01,-0.29,Neutro
OND,2005,26.15,-0.57,2005-11-01,-0.57,Nina
NDJ,2005,25.81,-0.84,2005-12-01,-0.84,Nina
DJF,2006,25.8,-0.85,2006-01-01,-0.85,Nina
JFM,2006,26.1,-0.77,2006-02-01,-0.77,Nina
FMA,2006,26.73,-0.57,2006-03-01,-0.57,Nina
MAM,2006,27.31,-0.37,2006-04-01,-0.37,Neutro
AMJ,2006,27.69,-0.14,2006-05-01,-0.14,Neutro
MJJ,2006,27.62,-0.03,2006-06-01,-0.03,Neutro
JJA,2006,27.4,0.1,2006-07-01,0.1,Neutro
JAS,2006,27.26,0.3,2006-08-01,0.3,Neutro
ASO,2006,27.3,0.54,2006-09-01,0.54,Nino
SON,2006,27.48,0.77,2006-10-01,0.77,Nino
OND,2006,27.62,0.94,2006-11-01,0.94,Nino
NDJ,2006,27.56,0.94,2006-12-01,0.94,Nino
DJF,2007,27.3,0.66,2007-01-01,0.66,Nino
JFM,2007,27.09,0.22,2007-02-01,0.22,Neutro
FMA,2007,27.18,-0.12,2007-03-01,-0.12,Neutro
MAM,2007,27.37,-0.32,2007-04-01,-0.32,Neutro
AMJ,2007,27.45,-0.38,2007-05-01,-0.38,Neutro
MJJ,2007,27.18,-0.47,2007-06-01,-0.47,Neutro
JJA,2007,26.74,-0.56,2007-07-01,-0.56,Nina
JAS,2007,26.15,-0.81,2007-08-01,-0.81,Nina
ASO,2007,25.69,-1.07,2007-09-01,-1.07,Nina
SON,2007,25.37,-1.34,2007-10-01,-1.34,Nina
OND,2007,25.17,-1.5,2007-11-01,-1.5,Nina
NDJ,2007,25.02,-1.6,2007-12-01,-1.6,Nina
DJF,2008,25.0,-1.64,2008-01-01,-1.64,Nina
JFM,2008,25.35,-1.52,2008-02-01,-1.52,Nina
FMA,2008,26.01,-1.29,2008-03-01,-1.29,Nina
MAM,2008,26.67,-1.01,2008-04-01,-1.01,Nina
AMJ,2008,26.99,-0.84,2008-05-01,-0.84,Nina
MJJ,2008,27.04,-0.61,2008-06-01,-0.61,Nina
JJA,2008,26.92,-0.37,2008-07-01,-0.37,Neutro
JAS,2008,26.73,-0.23,2008-08-01,-0.23,Neutro
ASO,2008,26.52,-0.24,2008-09-01,-0.24,Neutro
SON,2008,26.36,-0.35,2008-10-01,-0.35,Neutro
OND,2008,26.12,-0.55,2008-11-01,-0.55,Nina
NDJ,2008,25.88,-0.73,2008-12-01,-0.73,Nina
DJF,2009,25.79,-0.85,2009-01-01,-0.85,Nina
JFM,2009,26.08,-0.79,2009-02-01,-0.79,Nina
FMA,2009,26.68,-0.61,2009-03-01,-0.61,Nina
MAM,2009,27.36,-0.33,2009-04-01,-0.33,Neutro
AMJ,2009,27.84,0.01,2009-05-01,0.01,Neutro
MJJ,2009,27.94,0.28,2009-06-01,0.28,Neutro
JJA,2009,27.75,0.45,2009-07-01,0.45,Neutro
JAS,2009,27.53,0.58,2009-08-01,0.58,Nino
ASO,2009,27.47,0.71,2009-09-01,0.71,Nino
SON,2009,27.72,1.01,2009-10-01,1.01,Nino
OND,2009,28.03,1.36,2009-11-01,1.36,Nino
NDJ,2009,28.18,1.56,2009-12-01,1.56,Nino
DJF,2010,28.14,1.5,2010-01-01,1.5,Nino
JFM,2010,28.09,1.22,2010-02-01,1.22,Nino
FMA,2010,28.14,0.84,2010-03-01,0.84,Nino
MAM,2010,28.04,0.35,2010-04-01,0.35,Neutro
AMJ,2010,27.66,-0.17,2010-05-01,-0.17,Neutro
MJJ,2010,27.0,-0.66,2010-06-01,-0.66,Nina
JJA,2010,26.25,-1.05,2010-07-01,-1.05,Nina
JAS,2010,25.61,-1.35,2010-08-01,-1.35,Nina
ASO,2010,25.21,-1.56,2010-09-01,-1.56,Nina
SON,2010,25.07,-1.64,2010-10-01,-1.64,Nina
OND,2010,25.03,-1.64,2010-11-01,-1.64,Nina
NDJ,2010,25.02,-1.54,2010-12-01,-1.54,Nina
DJF,2011,25.22,-1.31,2011-01-01,-1.31,Nina
JFM,2011,25.68,-1.04,2011-02-01,-1.04,Nina
FMA,2011,26.37,-0.8,2011-03-01,-0.8,Nina
MAM,2011,26.95,-0.62,2011-04-01,-0.62,Nina
AMJ,2011,27.28,-0.46,2011-05-01,-0.46,Neutro
MJJ,2011,27.21,-0.37,2011-06-01,-0.37,Neutro
JJA,2011,26.81,-0.43,2011-07-01,-0.43,Neutro
JAS,2011,26.33,-0.58,2011-08-01,-0.58,Nina
ASO,2011,25.93,-0.79,2011-09-01,-0.79,Nina
SON,2011,25.7,-0.96,2011-10-01,-0.96,Nina
OND,2011,25.58,-1.02,2011-11-01,-1.02,Nina
NDJ,2011,25.58,-0.92,2011-12-01,-0.92,Nina
DJF,2012,25.77,-0.72,2012-01-01,-0.72,Nina
JFM,2012,26.15,-0.57,2012-02-01,-0.57,Nina
FMA,2012,26.71,-0.46,2012-03-01,-0.46,Neutro
MAM,2012,27.21,-0.36,2012-04-01,-0.36,Neutro
AMJ,2012,27.57,-0.17,2012-05-01,-0.17,Neutro
MJJ,2012,27.64,0.06,2012-06-01,0.06,Neutro
JJA,2012,27.54,0.3,2012-07-01,0.3,Neutro
JAS,2012,27.32,0.41,2012-08-01,0.41,Neutro
ASO,2012,27.13,0.41,2012-09-01,0.41,Neutro
SON,2012,26.98,0.31,2012-10-01,0.31,Neutro
OND,2012,26.73,0.13,2012-11-01,0.13,Neutro
NDJ,2012,26.41,-0.1,2012-12-01,-0.1,Neutro
DJF,2013,26.21,-0.29,2013-01-01,-0.29,Neutro
JFM,2013,26.44,-0.29,2013-02-01,-0.29,Neutro
FMA,2013,26.96,-0.21,2013-03-01,-0.21,Neutro
MAM,2013,27.38,-0.19,2013-04-01,-0.19,Neutro
AMJ,2013,27.47,-0.27,2013-05-01,-0.27,Neutro
MJJ,2013,27.24,-0.34,2013-06-01,-0.34,Neutro
JJA,2013,26.89,-0.35,2013-07-01,-0.35,Neutro
JAS,2013,26.64,-0.28,2013-08-01,-0.28,Neutro
ASO,2013,26.51,-0.21,2013-09-01,-0.21,Neutro
SON,2013,26.54,-0.13,2013-10-01,-0.13,Neutro
OND,2013,26.5,-0.1,2013-11-01,-0.1,Neutro
NDJ,2013,26.35,-0.15,2013-12-01,-0.15,Neutro
DJF,2014,26.22,-0.28,2014-01-01,-0.28,Neutro
JFM,2014,26.41,-0.32,2014-02-01,-0.32,Neutro
FMA,2014,27.03,-0.14,2014-03-01,-0.14,Neutro
MAM,2014,27.73,0.15,2014-04-01,0.15,Neutro
AMJ,2014,28.04,0.31,2014-05-01,0.31,Neutro
MJJ,2014,27.82,0.23,2014-06-01,0.23,Neutro
JJA,2014,27.34,0.1,2014-07-01,0.1,Neutro
JAS,2014,27.02,0.11,2014-08-01,0.11,Neutro
ASO,2014,27.0,0.28,2014-09-01,0.28,Neutro
SON,2014,27.21,0.54,2014-10-01,0.54,Nino
OND,2014,27.31,0.71,2014-11-01,0.71,Nino
NDJ,2014,27.28,0.77,2014-12-01,0.77,Nino
DJF,2015,27.19,0.69,2015-01-01,0.69,Nino
JFM,2015,27.34,0.61,2015-02-01,0.61,Nino
FMA,2015,27.82,0.65,2015-03-01,0.65,Nino
MAM,2015,28.38,0.81,2015-04-01,0.81,Nino
AMJ,2015,28.76,1.02,2015-05-01,1.02,Nino
MJJ,2015,28.83,1.25,2015-06-01,1.25,Nino
JJA,2015,28.81,1.57,2015-07-01,1.57,Nino
JAS,2015,28.82,1.91,2015-08-01,1.91,Nino
ASO,2015,28.93,2.21,2015-09-01,2.21,Nino
SON,2015,29.14,2.47,2015-10-01,2.47,Nino
OND,2015,29.25,2.64,2015-11-01,2.64,Nino
NDJ,2015,29.26,2.75,2015-12-01,2.75,Nino
DJF,2016,29.12,2.63,2016-01-01,2.63,Nino
JFM,2016,29.01,2.28,2016-02-01,2.28,Nino
FMA,2016,28.88,1.71,2016-03-01,1.71,Nino
MAM,2016,28.62,1.05,2016-04-01,1.05,Nino
AMJ,2016,28.22,0.49,2016-05-01,0.49,Neutro
MJJ,2016,27.59,0.0,2016-06-01,0.0,Neutro
JJA,2016,26.93,-0.31,2016-07-01,-0.31,Neutro
JAS,2016,26.42,-0.5,2016-08-01,-0.5,Nina
ASO,2016,26.14,-0.58,2016-09-01,-0.58,Nina
SON,2016,26.02,-0.64,2016-10-01,-0.64,Nina
OND,2016,26.01,-0.6,2016-11-01,-0.6,Nina
NDJ,2016,26.06,-0.45,2016-12-01,-0.45,Neutro
DJF,2017,26.3,-0.19,2017-01-01,-0.19,Neutro
JFM,2017,26.71,-0.02,2017-02-01,-0.02,Neutro
FMA,2017,27.35,0.18,2017-03-01,0.18,Neutro
MAM,2017,27.89,0.31,2017-04-01,0.31,Neutro
AMJ,2017,28.13,0.4,2017-05-01,0.4,Neutro
MJJ,2017,27.97,0.39,2017-06-01,0.39,Neutro
JJA,2017,27.43,0.19,2017-07-01,0.19,Neutro
JAS,2017,26.84,-0.07,2017-08-01,-0.07,Neutro
ASO,2017,26.38,-0.34,2017-09-01,-0.34,Neutro
SON,2017,26.06,-0.6,2017-10-01,-0.6,Nina
OND,2017,25.84,-0.77,2017-11-01,-0.77,Nina
NDJ,2017,25.64,-0.86,2017-12-01,-0.86,Nina
DJF,2018,25.72,-0.77,2018-01-01,-0.77,Nina
JFM,2018,26.02,-0.71,2018-02-01,-0.71,Nina
FMA,2018,26.6,-0.57,2018-03-01,-0.57,Nina
MAM,2018,27.18,-0.39,2018-04-01,-0.39,Neutro
AMJ,2018,27.61,-0.13,2018-05-01,-0.13,Neutro
MJJ,2018,27.64,0.06,2018-06-01,0.06,Neutro
JJA,2018,27.38,0.14,2018-07-01,0.14,Neutro
JAS,2018,27.18,0.27,2018-08-01,0.27,Neutro
ASO,2018,27.25,0.53,2018-09-01,0.53,Nino
SON,2018,27.47,0.81,2018-10-01,0.81,Nino
OND,2018,27.57,0.97,2018-11-01,0.97,Nino
NDJ,2018,27.43,0.92,2018-12-01,0.92,Nino
DJF,2019,27.39,0.89,2019-01-01,0.89,Nino
JFM,2019,27.59,0.86,2019-02-01,0.86,Nino
FMA,2019,28.01,0.84,2019-03-01,0.84,Nino
MAM,2019,28.34,0.77,2019-04-01,0.77,Nino
AMJ,2019,28.37,0.64,2019-05-01,0.64,Nino
MJJ,2019,28.1,0.52,2019-06-01,0.52,Nino
JJA,2019,27.57,0.33,2019-07-01,0.33,Neutro
JAS,2019,27.1,0.19,2019-08-01,0.19,Neutro
ASO,2019,26.95,0.23,2019-09-01,0.23,Neutro
SON,2019,27.06,0.39,2019-10-01,0.39,Neutro
OND,2019,27.18,0.58,2019-11-01,0.58,Nino
NDJ,2019,27.17,0.66,2019-12-01,0.66,Nino
DJF,2020,27.14,0.64,2020-01-01,0.64,Nino
JFM,2020,27.35,0.63,2020-02-01,0.63,Nino
FMA,2020,27.7,0.53,2020-03-01,0.53,Nino
MAM,2020,27.87,0.3,2020-04-01,0.3,Neutro
AMJ,2020,27.75,0.01,2020-05-01,0.01,Neutro
MJJ,2020,27.35,-0.23,2020-06-01,-0.23,Neutro
JJA,2020,26.88,-0.36,2020-07-01,-0.36,Neutro
JAS,2020,26.38,-0.53,2020-08-01,-0.53,Nina
ASO,2020,25.87,-0.85,2020-09-01,-0.85,Nina
SON,2020,25.54,-1.12,2020-10-01,-1.12,Nina
OND,2020,25.4,-1.2,2020-11-01,-1.2,Nina
NDJ,2020,25.43,-1.08,2020-12-01,-1.08,Nina
DJF,2021,25.59,-0.91,2021-01-01,-0.91,Nina
JFM,2021,25.94,-0.79,2021-02-01,-0.79,Nina
FMA,2021,26.46,-0.71,2021-03-01,-0.71,Nina
MAM,2021,27.03,-0.55,2021-04-01,-0.55,Nina
AMJ,2021,27.35,-0.39,2021-05-01,-0.39,Neutro
MJJ,2021,27.28,-0.3,2021-06-01,-0.3,Neutro
JJA,2021,26.89,-0.35,2021-07-01,-0.35,Neutro
JAS,2021,26.46,-0.45,2021-08-01,-0.45,Neutro
ASO,2021,26.09,-0.63,2021-09-01,-0.63,Nina
SON,2021,25.9,-0.76,2021-10-01,-0.76,Nina
OND,2021,25.69,-0.91,2021-11-01,-0.91,Nina
NDJ,2021,25.63,-0.87,2021-12-01,-0.87,Nina
DJF,2022,25.67,-0.82,2022-01-01,-0.82,Nina
JFM,2022,25.94,-0.79,2022-02-01,-0.79,Nina
FMA,2022,26.31,-0.86,2022-03-01,-0.86,Nina
MAM,2022,26.62,-0.95,2022-04-01,-0.95,Nina
AMJ,2022,26.84,-0.9,2022-05-01,-0.9,Nina
MJJ,2022,26.8,-0.78,2022-06-01,-0.78,Nina
JJA,2022,26.48,-0.76,2022-07-01,-0.76,Nina
JAS,2022,26.04,-0.87,2022-08-01,-0.87,Nina
ASO,2022,25.75,-0.97,2022-09-01,-0.97,Nina
SON,2022,25.72,-0.94,2022-10-01,-0.94,Nina
OND,2022,25.76,-0.85,2022-11-01,-0.85,Nina
NDJ,2022,25.79,-0.71,2022-12-01,-0.71,Nina
DJF,2023,25.96,-0.54,2023-01-01,-0.54,Nina
JFM,2023,26.44,-0.29,2023-02-01,-0.29,Neutro
FMA,2023,27.15,-0.02,2023-03-01,-0.02,Neutro
MAM,2023,27.85,0.27,2023-04-01,0.27,Neutro
AMJ,2023,28.31,0.57,2023-05-01,0.57,Nino
MJJ,2023,28.42,0.84,2023-06-01,0.84,Nino
JJA,2023,28.36,1.12,2023-07-01,1.12,Nino
JAS,2023,28.28,1.37,2023-08-01,1.37,Nino
ASO,2023,28.32,1.6,2023-09-01,1.6,Nino
SON,2023,28.49,1.83,2023-10-01,1.83,Nino
OND,2023,28.6,1.99,2023-11-01,1.99,Nino
NDJ,2023,28.57,2.06,2023-12-01,2.06,Nino
DJF,2024,28.42,1.92,2024-01-01,1.92,Nino
JFM,2024,28.35,1.62,2024-02-01,1.62,Nino
FMA,2024,28.43,1.26,2024-03-01,1.26,Nino
MAM,2024,28.39,0.82,2024-04-01,0.82,Nino
AMJ,2024,28.22,0.49,2024-05-01,0.49,Neutro
MJJ,2024,27.8,0.22,2024-06-01,0.22,Neutro
JJA,2024,27.33,0.08,2024-07-01,0.08,Neutro
JAS,2024,26.85,-0.07,2024-08-01,-0.07,Neutro
ASO,2024,26.55,-0.17,2024-09-01,-0.17,Neutro
SON,2024,26.46,-0.21,2024-10-01,-0.21,Neutro
OND,2024,26.3,-0.3,2024-11-01,-0.3,Neutro
NDJ,2024,26.09,-0.42,2024-12-01,-0.42,Neutro
DJF,2025,26.05,-0.45,2025-01-01,-0.45,Neutro
JFM,2025,26.48,-0.24,2025-02-01,-0.24,Neutro
FMA,2025,27.11,-0.06,2025-03-01,-0.06,Neutro
MAM,2025,27.6,0.02,2025-04-01,0.02,Neutro
AMJ,2025,27.72,-0.02,2025-05-01,-0.02,Neutro
MJJ,2025,27.54,-0.04,2025-06-01,-0.04,Neutro
JJA,2025,27.1,-0.14,2025-07-01,-0.14,Neutro
JAS,2025,26.63,-0.28,2025-08-01,-0.28,Neutro
ASO,2025,26.32,-0.4,2025-09-01,-0.4,Neutro
SON,2025,26.16,-0.51,2025-10-01,-0.51,Nina
OND,2025,26.05,-0.55,2025-11-01,-0.55,Nina
NDJ,2025,25.97,-0.54,2025-12-01,-0.54,Nina
DJF,2026,26.13,-0.37,2026-01-01,-0.37,Neutro
JFM,2026,26.58,-0.15,2026-02-01,-0.15,Neutro
FMA,2026,27.28,0.11,2026-03-01,0.11,Neutro
