Anio,Semestre,Departamento,Area_sembrada,Area_cosechada,Produccion_ton,Rendimiento,N_municipios,Temp_media_sem,Temp_max_sem,Temp_min_sem,Amplitud_termica,Precip_total_sem,Precip_media_dia,Dias_lluvia,Precip_max_dia,ONI_media,ONI_max,ONI_min,ONI_std,Fase_ENSO_dom,es_El_Nino,es_La_Nina,Precio_interno_cop,Precio_oic_usd,Produccion_sacos,Export_vol_sacos,Export_valor_musd,ICO_composite,ICO_colombian_milds,Temp_media_sem_lag1,Temp_media_sem_lag2,Temp_media_sem_lag3,Amplitud_termica_lag1,Amplitud_termica_lag2,Amplitud_termica_lag3,Precip_total_sem_lag1,Precip_total_sem_lag2,Precip_total_sem_lag3,Precip_media_dia_lag1,Precip_media_dia_lag2,Precip_media_dia_lag3,Dias_lluvia_lag1,Dias_lluvia_lag2,Dias_lluvia_lag3,ONI_media_lag1,ONI_media_lag2,ONI_media_lag3,Precio_interno_cop_lag1,Precio_interno_cop_lag2,ICO_composite_lag1,ICO_composite_lag2,Estres_hidrico,Precio_cop_cambio,ENSO_intensidad
2019,2,ANTIOQUIA,119154.96,95284.56,124817.49,1.3003191489361703,94,20.145531421341207,26.93375073175875,15.701779042598059,11.23197168916069,43832.186,5.026626834862386,3118.0,199.9,0.39999999999999997,0.7,0.2,0.20976176963403026,Neutro,0,0,856529.8387096775,103.12790654997177,8079.0,7104.5509999999995,1346.06580042,103.12833333333333,139.74,,,,,,,,,,,,,,,,,,,,,,,2072.8817416128973,,0.39999999999999997
2020,2,ANTIOQUIA,117531.3,97577.3,107077.57,1.1208510638297873,94,19.3607785467128,26.28458021914648,15.53059188581315,10.75398833333333,22026.73,4.586035810951489,1598.0,199.9,-0.8500000000000001,-0.4,-1.2,0.3391164991562635,La Niña,0,1,1072085.6630824374,110.81377893845286,7741.0,6789.116,1438.086714300001,110.83,162.48166666666665,20.145531421341207,,,11.23197168916069,,,43832.186,,,5.026626834862386,,,3118.0,,,0.39999999999999997,,,856529.8387096775,,103.12833333333333,,1081.8215987893136,0.25166178063041533,0.8500000000000001
2021,2,ANTIOQUIA,116290.93,94308.23,108148.15,1.1419148936170214,94,19.413778939507093,26.02806780806572,13.786867079910381,12.24120072815534,22344.136,4.493993563958165,1540.0,192.2,-0.65,-0.3,-0.9,0.2588435821108957,La Niña,0,1,1813460.1523915462,177.03401104962472,6861.0,6694.546,1777.9755760799999,177.03333333333333,252.24,19.3607785467128,20.145531421341207,,10.75398833333333,11.23197168916069,,22026.73,43832.186,,4.586035810951489,5.026626834862386,,1598.0,3118.0,,-0.8500000000000001,0.39999999999999997,,1072085.6630824374,856529.8387096775,110.83,103.12833333333333,1094.5614756686257,0.6915254208115469,0.65
2022,2,ANTIOQUIA,114332.04000000001,93791.78,94608.26,1.0479787234042555,94,18.995612963832787,24.27532213245655,14.555086134335369,9.720235998121183,11092.596,3.4707747183979976,901.0,105.1,-0.85,-0.7,-1.0,0.10488088481701514,La Niña,0,1,2194198.9982078853,180.53962279521804,5655.599220188862,5540.512,1710.135522140001,180.49166666666667,264.185,19.413778939507093,19.3607785467128,20.145531421341207,12.24120072815534,10.75398833333333,11.23197168916069,22344.136,22026.73,43832.186,4.493993563958165,4.586035810951489,5.026626834862386,1540.0,1598.0,3118.0,-0.65,-0.8500000000000001,0.39999999999999997,1813460.1523915462,1072085.6630824374,177.03333333333333,110.83,554.7514857415881,0.20995159188594803,0.85
2023,2,ANTIOQUIA,108760.73,90625.28,95239.75,1.0725806451612903,93,20.387985948477752,26.74323606557377,12.706636299765808,14.036599765807964,3510.0,4.119718309859155,266.0,85.4,1.6666666666666667,2.1,1.1,0.3777124126457412,El Niño,1,0,1362934.884686689,159.2891087629881,6327.565109901505,5588.687,1499.721330479999,159.29,192.6016666666667,18.995612963832787,19.413778939507093,19.3607785467128,9.720235998121183,12.24120072815534,10.75398833333333,11092.596,22344.136,22026.73,3.4707747183979976,4.493993563958165,4.586035810951489,901.0,1540.0,1598.0,-0.85,-0.65,-0.8500000000000001,2194198.9982078853,1813460.1523915462,180.49166666666667,177.03333333333333,164.1108241072983,-0.37884627337818144,1.6666666666666667
2024,2,ANTIOQUIA,110443.31999999999,88405.25,137933.71,1.3351041666666665,96,20.252022618529796,26.64088734232275,13.113484123531972,13.527403218790777,39480.73,9.63885009765625,1662.0,194.8,-0.18333333333333335,0.1,-0.4,0.17224014243685085,Neutro,0,0,2222445.1612903224,259.1961844002555,8177.912242085772,6584.232,2048.13785945,259.2083333333333,287.52666666666664,20.387985948477752,18.995612963832787,19.413778939507093,14.036599765807964,9.720235998121183,12.24120072815534,3510.0,11092.596,22344.136,4.119718309859155,3.4707747183979976,4.493993563958165,266.0,901.0,1540.0,1.6666666666666667,-0.85,-0.65,1362934.884686689,2194198.9982078853,159.29,180.49166666666667,1857.739882394839,0.6306319445343256,0.18333333333333335
2019,2,ARAUCA,396.0,141.0,99.0,0.7,1,,,,,,,,,0.39999999999999997,0.7,0.2,0.20976176963403026,Neutro,0,0,856529.8387096775,103.12790654997177,8079.0,7104.5509999999995,1346.06580042,103.12833333333333,139.74,,,,,,,,,,,,,,,,,,,,,,,,,0.39999999999999997
2020,2,ARAUCA,109.0,109.0,15.26,0.14,1,,,,,,,,,-0.8500000000000001,-0.4,-1.2,0.3391164991562635,La Niña,0,1,1072085.6630824374,110.81377893845286,7741.0,6789.116,1438.086714300001,110.83,162.48166666666665,,,,,,,,,,,,,,,,0.39999999999999997,,,856529.8387096775,,103.12833333333333,,,0.25166178063041533,0.8500000000000001
2021,2,ARAUCA,109.41,99.6,64.74,0.65,1,,,,,,,,,-0.65,-0.3,-0.9,0.2588435821108957,La Niña,0,1,1813460.1523915462,177.03401104962472,6861.0,6694.546,1777.9755760799999,177.03333333333333,252.24,,,,,,,,,,,,,,,,-0.8500000000000001,0.39999999999999997,,1072085.6630824374,856529.8387096775,110.83,103.12833333333333,,0.6915254208115469,0.65
2022,2,ARAUCA,110.47,99.6,48.88,0.49,1,,,,,,,,,-0.85,-0.7,-1.0,0.10488088481701514,La Niña,0,1,2194198.9982078853,180.53962279521804,5655.599220188862,5540.512,1710.135522140001,180.49166666666667,264.185,,,,,,,,,,,,,,,,-0.65,-0.8500000000000001,0.39999999999999997,1813460.1523915462,1072085.6630824374,177.03333333333333,110.83,,0.20995159188594803,0.85
2023,2,ARAUCA,110.7,102.17,60.97,0.6,1,,,,,,,,,1.6666666666666667,2.1,1.1,0.3777124126457412,El Niño,1,0,1362934.884686689,159.2891087629881,6327.565109901505,5588.687,1499.721330479999,159.29,192.6016666666667,,,,,,,,,,,,,,,,-0.85,-0.65,-0.8500000000000001,2194198.9982078853,1813460.1523915462,180.49166666666667,177.03333333333333,,-0.37884627337818144,1.6666666666666667
2024,2,ARAUCA,86.56,62.08,46.11,0.74,1,,,,,,,,,-0.18333333333333335,0.1,-0.4,0.17224014243685085,Neutro,0,0,2222445.1612903224,259.1961844002555,8177.912242085772,6584.232,2048.13785945,259.2083333333333,287.52666666666664,,,,,,,,,,,,,,,,1.6666666666666667,-0.85,-0.65,1362934.884686689,2194198.9982078853,159.29,180.49166666666667,,0.6306319445343256,0.18333333333333335
2019,2,BOLIVAR,1455.0,1341.0,1046.4,0.7333333333333334,3,,,,,,,,,0.39999999999999997,0.7,0.2,0.20976176963403026,Neutro,0,0,856529.8387096775,103.12790654997177,8079.0,7104.5509999999995,1346.06580042,103.12833333333333,139.74,,,,,,,,,,,,,,,,,,,,,,,,,0.39999999999999997
2020,2,BOLIVAR,1446.0,1257.0,1078.8,0.8866666666666667,3,,,,,,,,,-0.8500000000000001,-0.4,-1.2,0.3391164991562635,La Niña,0,1,1072085.6630824374,110.81377893845286,7741.0,6789.116,1438.086714300001,110.83,162.48166666666665,,,,,,,,,,,,,,,,0.39999999999999997,,,856529.8387096775,,103.12833333333333,,,0.25166178063041533,0.8500000000000001
2021,2,BOLIVAR,1462.72,1287.11,913.69,0.7799999999999999,3,,,,,,,,,-0.65,-0.3,-0.9,0.2588435821108957,La Niña,0,1,1813460.1523915462,177.03401104962472,6861.0,6694.546,1777.9755760799999,177.03333333333333,252.24,,,,,,,,,,,,,,,,-0.8500000000000001,0.39999999999999997,,1072085.6630824374,856529.8387096775,110.83,103.12833333333333,,0.6915254208115469,0.65
2022,2,BOLIVAR,1515.08,1307.62,1102.74,0.8066666666666666,3,,,,,,,,,-0.85,-0.7,-1.0,0.10488088481701514,La Niña,0,1,2194198.9982078853,180.53962279521804,5655.599220188862,5540.512,1710.135522140001,180.49166666666667,264.185,,,,,,,,,,,,,,,,-0.65,-0.8500000000000001,0.39999999999999997,1813460.1523915462,1072085.6630824374,177.03333333333333,110.83,,0.20995159188594803,0.85
2023,2,BOLIVAR,1581.74,1313.17,967.3299999999999,0.5775,4,,,,,,,,,1.6666666666666667,2.1,1.1,0.3777124126457412,El Niño,1,0,1362934.884686689,159.2891087629881,6327.565109901505,5588.687,1499.721330479999,159.29,192.6016666666667,,,,,,,,,,,,,,,,-0.85,-0.65,-0.8500000000000001,2194198.9982078853,1813460.1523915462,180.49166666666667,177.03333333333333,,-0.37884627337818144,1.6666666666666667
2024,2,BOLIVAR,1676.96,1305.7,1172.17,0.655,4,,,,,,,,,-0.18333333333333335,0.1,-0.4,0.17224014243685085,Neutro,0,0,2222445.1612903224,259.1961844002555,8177.912242085772,6584.232,2048.13785945,259.2083333333333,287.52666666666664,,,,,,,,,,,,,,,,1.6666666666666667,-0.85,-0.65,1362934.884686689,2194198.9982078853,159.29,180.49166666666667,,0.6306319445343256,0.18333333333333335
2019,2,BOYACA,10547.0,9454.82,10274.85,0.9626086956521739,46,,,,,,,,,0.39999999999999997,0.7,0.2,0.20976176963403026,Neutro,0,0,856529.8387096775,103.12790654997177,8079.0,7104.5509999999995,1346.06580042,103.12833333333333,139.74,,,,,,,,,,,,,,,,,,,,,,,,,0.39999999999999997
2020,2,BOYACA,10461.0,9371.0,9478.3,0.9577083333333333,48,,,,,,,,,-0.8500000000000001,-0.4,-1.2,0.3391164991562635,La Niña,0,1,1072085.6630824374,110.81377893845286,7741.0,6789.116,1438.086714300001,110.83,162.48166666666665,,,,,,,,,,,,,,,,0.39999999999999997,,,856529.8387096775,,103.12833333333333,,,0.25166178063041533,0.8500000000000001
2021,2,BOYACA,10661.97,9568.69,10017.89,0.9573999999999999,50,,,,,,,,,-0.65,-0.3,-0.9,0.2588435821108957,La Niña,0,1,1813460.1523915462,177.03401104962472,6861.0,6694.546,1777.9755760799999,177.03333333333333,252.24,,,,,,,,,,,,,,,,-0.8500000000000001,0.39999999999999997,,1072085.6630824374,856529.8387096775,110.83,103.12833333333333,,0.6915254208115469,0.65
2022,2,BOYACA,11094.51,9761.13,8527.76,0.8223999999999999,50,,,,,,,,,-0.85,-0.7,-1.0,0.10488088481701514,La Niña,0,1,2194198.9982078853,180.53962279521804,5655.599220188862,5540.512,1710.135522140001,180.49166666666667,264.185,,,,,,,,,,,,,,,,-0.65,-0.8500000000000001,0.39999999999999997,1813460.1523915462,1072085.6630824374,177.03333333333333,110.83,,0.20995159188594803,0.85
2023,2,BOYACA,11265.77,9931.31,8185.25,0.7709999999999999,50,,,,,,,,,1.6666666666666667,2.1,1.1,0.3777124126457412,El Niño,1,0,1362934.884686689,159.2891087629881,6327.565109901505,5588.687,1499.721330479999,159.29,192.6016666666667,,,,,,,,,,,,,,,,-0.85,-0.65,-0.8500000000000001,2194198.9982078853,1813460.1523915462,180.49166666666667,177.03333333333333,,-0.37884627337818144,1.6666666666666667
2024,2,BOYACA,11101.23,9769.17,9286.97,0.903921568627451,51,,,,,,,,,-0.18333333333333335,0.1,-0.4,0.17224014243685085,Neutro,0,0,2222445.1612903224,259.1961844002555,8177.912242085772,6584.232,2048.13785945,259.2083333333333,287.52666666666664,,,,,,,,,,,,,,,,1.6666666666666667,-0.85,-0.65,1362934.884686689,2194198.9982078853,159.29,180.49166666666667,,0.6306319445343256,0.18333333333333335
2019,2,CALDAS,63050.0,48468.0,62138.4,1.2744,25,15.369861720807725,21.857563025460934,11.368660959174715,10.488902066286219,21020.4,4.1558718861209965,2096.0,154.2,0.39999999999999997,0.7,0.2,0.20976176963403026,Neutro,0,0,856529.8387096775,103.12790654997177,8079.0,7104.5509999999995,1346.06580042,103.12833333333333,139.74,,,,,,,,,,,,,,,,,,,,,,,1284.0914821706147,,0.39999999999999997
2020,2,CALDAS,60823.0,47081.0,52002.3,1.0759999999999998,25,18.00414208308248,25.009802024382903,14.151095922937989,10.858706101444914,21132.1,5.4988550611501426,1891.0,90.3,-0.8500000000000001,-0.4,-1.2,0.3391164991562635,La Niña,0,1,1072085.6630824374,110.81377893845286,7741.0,6789.116,1438.086714300001,110.83,162.48166666666665,15.369861720807725,,,10.488902066286219,,,21020.4,,,4.1558718861209965,,,2096.0,,,0.39999999999999997,,,856529.8387096775,,103.12833333333333,,1111.9733744156665,0.25166178063041533,0.8500000000000001
2021,2,CALDAS,59281.76,44476.84,48353.07,1.0964,25,15.36139431396786,21.612234993077873,11.809157913226205,9.803077079851668,24531.0,5.548744627912237,2172.0,160.6,-0.65,-0.3,-0.9,0.2588435821108957,La Niña,0,1,1813460.1523915462,177.03401104962472,6861.0,6694.546,1777.9755760799999,177.03333333333333,252.24,18.00414208308248,15.369861720807725,,10.858706101444914,10.488902066286219,,21132.1,21020.4,,5.4988550611501426,4.1558718861209965,,1891.0,2096.0,,-0.8500000000000001,0.39999999999999997,,1072085.6630824374,856529.8387096775,110.83,103.12833333333333,1499.322095003705,0.6915254208115469,0.65
2022,2,CALDAS,59058.21,45159.05,46223.27,1.046,25,15.705493296665521,21.323672006875213,12.490678054657959,8.832993952217254,13108.9,4.360911510312707,1280.0,81.8,-0.85,-0.7,-1.0,0.10488088481701514,La Niña,0,1,2194198.9982078853,180.53962279521804,5655.599220188862,5540.512,1710.135522140001,180.49166666666667,264.185,15.36139431396786,18.00414208308248,15.369861720807725,9.803077079851668,10.858706101444914,10.488902066286219,24531.0,21132.1,21020.4,5.548744627912237,5.4988550611501426,4.1558718861209965,2172.0,1891.0,2096.0,-0.65,-0.8500000000000001,0.39999999999999997,1813460.1523915462,1072085.6630824374,177.03333333333333,110.83,784.7059507435547,0.20995159188594803,0.85
2023,2,CALDAS,58200.39,44489.97,50209.35,1.1124,25,19.90673289183223,26.526915498896248,15.39417135143488,11.132744147461368,1446.3,3.4435714285714285,152.0,49.8,1.6666666666666667,2.1,1.1,0.3777124126457412,El Niño,1,0,1362934.884686689,159.2891087629881,6327.565109901505,5588.687,1499.721330479999,159.29,192.6016666666667,15.705493296665521,15.36139431396786,18.00414208308248,8.832993952217254,9.803077079851668,10.858706101444914,13108.9,24531.0,21132.1,4.360911510312707,5.548744627912237,5.4988550611501426,1280.0,2172.0,1891.0,-0.85,-0.65,-0.8500000000000001,2194198.9982078853,1813460.1523915462,180.49166666666667,177.03333333333333,69.17867117176569,-0.37884627337818144,1.6666666666666667
2024,2,CALDAS,57637.63,42928.03,57905.659999999996,1.324,25,16.675,21.869398907103825,12.782786885245901,9.086612021857924,4043.7,9.148642533936652,189.0,152.0,-0.18333333333333335,0.1,-0.4,0.17224014243685085,Neutro,0,0,2222445.1612903224,259.1961844002555,8177.912242085772,6584.232,2048.13785945,259.2083333333333,287.52666666666664,19.90673289183223,15.705493296665521,15.36139431396786,11.132744147461368,8.832993952217254,9.803077079851668,1446.3,13108.9,24531.0,3.4435714285714285,4.360911510312707,5.548744627912237,152.0,1280.0,2172.0,1.6666666666666667,-0.85,-0.65,1362934.884686689,2194198.9982078853,159.29,180.49166666666667,228.78076379066476,0.6306319445343256,0.18333333333333335
2019,2,CAQUETA,4128.0,3404.0,2502.77,0.7733333333333333,6,,,,,,,,,0.39999999999999997,0.7,0.2,0.20976176963403026,Neutro,0,0,856529.8387096775,103.12790654997177,8079.0,7104.5509999999995,1346.06580042,103.12833333333333,139.74,,,,,,,,,,,,,,,,,,,,,,,,,0.39999999999999997
2020,2,CAQUETA,3855.0,3163.0,1335.7,0.5657142857142857,7,,,,,,,,,-0.8500000000000001,-0.4,-1.2,0.3391164991562635,La Niña,0,1,1072085.6630824374,110.81377893845286,7741.0,6789.116,1438.086714300001,110.83,162.48166666666665,,,,,,,,,,,,,,,,0.39999999999999997,,,856529.8387096775,,103.12833333333333,,,0.25166178063041533,0.8500000000000001
2021,2,CAQUETA,3754.98,3119.2200000000003,2471.8900000000003,0.8042857142857143,7,,,,,,,,,-0.65,-0.3,-0.9,0.2588435821108957,La Niña,0,1,1813460.1523915462,177.03401104962472,6861.0,6694.546,1777.9755760799999,177.03333333333333,252.24,,,,,,,,,,,,,,,,-0.8500000000000001,0.39999999999999997,,1072085.6630824374,856529.8387096775,110.83,103.12833333333333,,0.6915254208115469,0.65
2022,2,CAQUETA,3783.4700000000003,3140.26,2622.63,0.8585714285714285,7,,,,,,,,,-0.85,-0.7,-1.0,0.10488088481701514,La Niña,0,1,2194198.9982078853,180.53962279521804,5655.599220188862,5540.512,1710.135522140001,180.49166666666667,264.185,,,,,,,,,,,,,,,,-0.65,-0.8500000000000001,0.39999999999999997,1813460.1523915462,1072085.6630824374,177.03333333333333,110.83,,0.20995159188594803,0.85
2023,2,CAQUETA,3927.4,3270.98,2867.85,0.8714285714285713,7,,,,,,,,,1.6666666666666667,2.1,1.1,0.3777124126457412,El Niño,1,0,1362934.884686689,159.2891087629881,6327.565109901505,5588.687,1499.721330479999,159.29,192.6016666666667,,,,,,,,,,,,,,,,-0.85,-0.65,-0.8500000000000001,2194198.9982078853,1813460.1523915462,180.49166666666667,177.03333333333333,,-0.37884627337818144,1.6666666666666667
2024,2,CAQUETA,3948.63,3202.87,3178.64,0.7733333333333333,9,,,,,,,,,-0.18333333333333335,0.1,-0.4,0.17224014243685085,Neutro,0,0,2222445.1612903224,259.1961844002555,8177.912242085772,6584.232,2048.13785945,259.2083333333333,287.52666666666664,,,,,,,,,,,,,,,,1.6666666666666667,-0.85,-0.65,1362934.884686689,2194198.9982078853,159.29,180.49166666666667,,0.6306319445343256,0.18333333333333335
2019,2,CASANARE,3285.5,2682.0,2037.8,1.056,10,,,,,,,,,0.39999999999999997,0.7,0.2,0.20976176963403026,Neutro,0,0,856529.8387096775,103.12790654997177,8079.0,7104.5509999999995,1346.06580042,103.12833333333333,139.74,,,,,,,,,,,,,,,,,,,,,,,,,0.39999999999999997
2020,2,CASANARE,2735.5,2395.5,1704.28,0.827,10,,,,,,,,,-0.8500000000000001,-0.4,-1.2,0.3391164991562635,La Niña,0,1,1072085.6630824374,110.81377893845286,7741.0,6789.116,1438.086714300001,110.83,162.48166666666665,,,,,,,,,,,,,,,,0.39999999999999997,,,856529.8387096775,,103.12833333333333,,,0.25166178063041533,0.8500000000000001
2021,2,CASANARE,2681.38,2318.84,1961.1999999999998,0.8790000000000001,10,,,,,,,,,-0.65,-0.3,-0.9,0.2588435821108957,La Niña,0,1,1813460.1523915462,177.03401104962472,6861.0,6694.546,1777.9755760799999,177.03333333333333,252.24,,,,,,,,,,,,,,,,-0.8500000000000001,0.39999999999999997,,1072085.6630824374,856529.8387096775,110.83,103.12833333333333,,0.6915254208115469,0.65
2022,2,CASANARE,2635.71,2185.52,1727.67,0.858,10,,,,,,,,,-0.85,-0.7,-1.0,0.10488088481701514,La Niña,0,1,2194198.9982078853,180.53962279521804,5655.599220188862,5540.512,1710.135522140001,180.49166666666667,264.185,,,,,,,,,,,,,,,,-0.65,-0.8500000000000001,0.39999999999999997,1813460.1523915462,1072085.6630824374,177.03333333333333,110.83,,0.20995159188594803,0.85
2023,2,CASANARE,2564.71,2058.15,1710.4699999999998,1.06,10,,,,,,,,,1.6666666666666667,2.1,1.1,0.3777124126457412,El Niño,1,0,1362934.884686689,159.2891087629881,6327.565109901505,5588.687,1499.721330479999,159.29,192.6016666666667,,,,,,,,,,,,,,,,-0.85,-0.65,-0.8500000000000001,2194198.9982078853,1813460.1523915462,180.49166666666667,177.03333333333333,,-0.37884627337818144,1.6666666666666667
2024,2,CASANARE,2460.46,1962.13,1977.6899999999998,1.153,10,,,,,,,,,-0.18333333333333335,0.1,-0.4,0.17224014243685085,Neutro,0,0,2222445.1612903224,259.1961844002555,8177.912242085772,6584.232,2048.13785945,259.2083333333333,287.52666666666664,,,,,,,,,,,,,,,,1.6666666666666667,-0.85,-0.65,1362934.884686689,2194198.9982078853,159.29,180.49166666666667,,0.6306319445343256,0.18333333333333335
2019,2,CAUCA,91667.0,78182.0,93376.0,1.185151515151515,33,17.954826472962065,24.264869313962873,13.590701085552865,10.674168228410007,20673.8,5.118544194107452,1680.0,173.6,0.39999999999999997,0.7,0.2,0.20976176963403026,Neutro,0,0,856529.8387096775,103.12790654997177,8079.0,7104.5509999999995,1346.06580042,103.12833333333333,139.74,,,,,,,,,,,,,,,,,,,,,,,1090.6879062960534,,0.39999999999999997
2020,2,CAUCA,92179.39,80284.91,89194.02,1.087878787878788,33,17.9244909234412,24.57080127071823,13.630600781373323,10.940200489344909,17158.3,6.624826254826255,1161.0,170.9,-0.8500000000000001,-0.4,-1.2,0.3391164991562635,La Niña,0,1,1072085.6630824374,110.81377893845286,7741.0,6789.116,1438.086714300001,110.83,162.48166666666665,17.954826472962065,,,10.674168228410007,,,20673.8,,,5.118544194107452,,,1680.0,,,0.39999999999999997,,,856529.8387096775,,103.12833333333333,,906.671681125463,0.25166178063041533,0.8500000000000001
2021,2,CAUCA,93382.3,80912.8,96271.61,1.1223529411764708,34,19.711272051996286,25.863695496750232,13.88580843082637,11.977887065923863,21357.4,11.544540540540542,834.0,177.9,-0.65,-0.3,-0.9,0.2588435821108957,La Niña,0,1,1813460.1523915462,177.03401104962472,6861.0,6694.546,1777.9755760799999,177.03333333333333,252.24,17.9244909234412,17.954826472962065,,10.940200489344909,10.674168228410007,,17158.3,20673.8,,6.624826254826255,5.118544194107452,,1161.0,1680.0,,-0.8500000000000001,0.39999999999999997,,1072085.6630824374,856529.8387096775,110.83,103.12833333333333,1031.196922447911,0.6915254208115469,0.65
2022,2,CAUCA,94844.81,81288.06,78052.78,0.9061764705882352,34,17.570768016833245,22.668556280904788,14.59359749079432,8.074958790110468,10137.1,4.597324263038549,798.0,96.0,-0.85,-0.7,-1.0,0.10488088481701514,La Niña,0,1,2194198.9982078853,180.53962279521804,5655.599220188862,5540.512,1710.135522140001,180.49166666666667,264.185,19.711272051996286,17.9244909234412,17.954826472962065,11.977887065923863,10.940200489344909,10.674168228410007,21357.4,17158.3,20673.8,11.544540540540542,6.624826254826255,5.118544194107452,834.0,1161.0,1680.0,-0.65,-0.8500000000000001,0.39999999999999997,1813460.1523915462,1072085.6630824374,177.03333333333333,110.83,545.8632615953928,0.20995159188594803,0.85
2023,2,CAUCA,94873.6,81281.7,83603.57,0.9794117647058823,34,20.83929292929293,27.11865909090909,16.622132525252525,10.496526565656566,3348.3,12.540449438202248,112.0,177.4,1.6666666666666667,2.1,1.1,0.3777124126457412,El Niño,1,0,1362934.884686689,159.2891087629881,6327.565109901505,5588.687,1499.721330479999,159.29,192.6016666666667,17.570768016833245,19.711272051996286,17.9244909234412,8.074958790110468,11.977887065923863,10.940200489344909,10137.1,21357.4,17158.3,4.597324263038549,11.544540540540542,6.624826254826255,798.0,834.0,1161.0,-0.85,-0.65,-0.8500000000000001,2194198.9982078853,1813460.1523915462,180.49166666666667,177.03333333333333,153.31540315158017,-0.37884627337818144,1.6666666666666667
2024,2,CAUCA,94619.41,77260.7,98465.43,1.2379411764705883,34,19.510460122699385,24.708895705521474,8.461042944785277,16.247852760736198,2583.1,6.473934837092732,94.0,123.8,-0.18333333333333335,0.1,-0.4,0.17224014243685085,Neutro,0,0,2222445.1612903224,259.1961844002555,8177.912242085772,6584.232,2048.13785945,259.2083333333333,287.52666666666664,20.83929292929293,17.570768016833245,19.711272051996286,10.496526565656566,8.074958790110468,11.977887065923863,3348.3,10137.1,21357.4,12.540449438202248,4.597324263038549,11.544540540540542,112.0,798.0,834.0,1.6666666666666667,-0.85,-0.65,1362934.884686689,2194198.9982078853,159.29,180.49166666666667,125.94061686315976,0.6306319445343256,0.18333333333333335
2019,2,CESAR,23630.0,20457.0,24308.88,1.1121052631578947,19,,,,,,,,,0.39999999999999997,0.7,0.2,0.20976176963403026,Neutro,0,0,856529.8387096775,103.12790654997177,8079.0,7104.5509999999995,1346.06580042,103.12833333333333,139.74,,,,,,,,,,,,,,,,,,,,,,,,,0.39999999999999997
2020,2,CESAR,23891.0,21358.0,23779.92,1.091578947368421,19,,,,,,,,,-0.8500000000000001,-0.4,-1.2,0.3391164991562635,La Niña,0,1,1072085.6630824374,110.81377893845286,7741.0,6789.116,1438.086714300001,110.83,162.48166666666665,,,,,,,,,,,,,,,,0.39999999999999997,,,856529.8387096775,,103.12833333333333,,,0.25166178063041533,0.8500000000000001
2021,2,CESAR,22989.44,20452.72,20526.75,0.996842105263158,19,,,,,,,,,-0.65,-0.3,-0.9,0.2588435821108957,La Niña,0,1,1813460.1523915462,177.03401104962472,6861.0,6694.546,1777.9755760799999,177.03333333333333,252.24,,,,,,,,,,,,,,,,-0.8500000000000001,0.39999999999999997,,1072085.6630824374,856529.8387096775,110.83,103.12833333333333,,0.6915254208115469,0.65
2022,2,CESAR,23588.92,20604.06,15830.57,0.7473684210526316,19,,,,,,,,,-0.85,-0.7,-1.0,0.10488088481701514,La Niña,0,1,2194198.9982078853,180.53962279521804,5655.599220188862,5540.512,1710.135522140001,180.49166666666667,264.185,,,,,,,,,,,,,,,,-0.65,-0.8500000000000001,0.39999999999999997,1813460.1523915462,1072085.6630824374,177.03333333333333,110.83,,0.20995159188594803,0.85
2023,2,CESAR,24157.74,20920.74,15107.710000000001,0.7389473684210526,19,,,,,,,,,1.6666666666666667,2.1,1.1,0.3777124126457412,El Niño,1,0,1362934.884686689,159.2891087629881,6327.565109901505,5588.687,1499.721330479999,159.29,192.6016666666667,,,,,,,,,,,,,,,,-0.85,-0.65,-0.8500000000000001,2194198.9982078853,1813460.1523915462,180.49166666666667,177.03333333333333,,-0.37884627337818144,1.6666666666666667
2024,2,CESAR,24703.32,20932.1,18858.17,0.9478947368421053,19,,,,,,,,,-0.18333333333333335,0.1,-0.4,0.17224014243685085,Neutro,0,0,2222445.1612903224,259.1961844002555,8177.912242085772,6584.232,2048.13785945,259.2083333333333,287.52666666666664,,,,,,,,,,,,,,,,1.6666666666666667,-0.85,-0.65,1362934.884686689,2194198.9982078853,159.29,180.49166666666667,,0.6306319445343256,0.18333333333333335
2019,2,CHOCO,169.0,149.0,189.23,1.27,1,,,,,,,,,0.39999999999999997,0.7,0.2,0.20976176963403026,Neutro,0,0,856529.8387096775,103.12790654997177,8079.0,7104.5509999999995,1346.06580042,103.12833333333333,139.74,,,,,,,,,,,,,,,,,,,,,,,,,0.39999999999999997
2020,2,CHOCO,178.0,162.0,196.54,1.21,1,,,,,,,,,-0.8500000000000001,-0.4,-1.2,0.3391164991562635,La Niña,0,1,1072085.6630824374,110.81377893845286,7741.0,6789.116,1438.086714300001,110.83,162.48166666666665,,,,,,,,,,,,,,,,0.39999999999999997,,,856529.8387096775,,103.12833333333333,,,0.25166178063041533,0.8500000000000001
2021,2,CHOCO,178.98,159.44,188.14,1.18,1,,,,,,,,,-0.65,-0.3,-0.9,0.2588435821108957,La Niña,0,1,1813460.1523915462,177.03401104962472,6861.0,6694.546,1777.9755760799999,177.03333333333333,252.24,,,,,,,,,,,,,,,,-0.8500000000000001,0.39999999999999997,,1072085.6630824374,856529.8387096775,110.83,103.12833333333333,,0.6915254208115469,0.65
2022,2,CHOCO,171.19,144.14,157.68,1.09,1,,,,,,,,,-0.85,-0.7,-1.0,0.10488088481701514,La Niña,0,1,2194198.9982078853,180.53962279521804,5655.599220188862,5540.512,1710.135522140001,180.49166666666667,264.185,,,,,,,,,,,,,,,,-0.65,-0.8500000000000001,0.39999999999999997,1813460.1523915462,1072085.6630824374,177.03333333333333,110.83,,0.20995159188594803,0.85
2023,2,CHOCO,162.92,143.77,129.59,0.9,1,,,,,,,,,1.6666666666666667,2.1,1.1,0.3777124126457412,El Niño,1,0,1362934.884686689,159.2891087629881,6327.565109901505,5588.687,1499.721330479999,159.29,192.6016666666667,,,,,,,,,,,,,,,,-0.85,-0.65,-0.8500000000000001,2194198.9982078853,1813460.1523915462,180.49166666666667,177.03333333333333,,-0.37884627337818144,1.6666666666666667
2024,2,CHOCO,158.94,144.16,178.43,1.24,1,,,,,,,,,-0.18333333333333335,0.1,-0.4,0.17224014243685085,Neutro,0,0,2222445.1612903224,259.1961844002555,8177.912242085772,6584.232,2048.13785945,259.2083333333333,287.52666666666664,,,,,,,,,,,,,,,,1.6666666666666667,-0.85,-0.65,1362934.884686689,2194198.9982078853,159.29,180.49166666666667,,0.6306319445343256,0.18333333333333335
2022,2,CORDOBA,2.9,0.0,0.0,0.0,2,,,,,,,,,-0.85,-0.7,-1.0,0.10488088481701514,La Niña,0,1,2194198.9982078853,180.53962279521804,5655.599220188862,5540.512,1710.135522140001,180.49166666666667,264.185,,,,,,,,,,,,,,,,,,,,,,,,,0.85
2023,2,CORDOBA,0.9,0.0,0.0,0.0,1,,,,,,,,,1.6666666666666667,2.1,1.1,0.3777124126457412,El Niño,1,0,1362934.884686689,159.2891087629881,6327.565109901505,5588.687,1499.721330479999,159.29,192.6016666666667,,,,,,,,,,,,,,,,-0.85,,,2194198.9982078853,,180.49166666666667,,,-0.37884627337818144,1.6666666666666667
2024,2,CORDOBA,0.9,0.0,0.0,0.0,1,,,,,,,,,-0.18333333333333335,0.1,-0.4,0.17224014243685085,Neutro,0,0,2222445.1612903224,259.1961844002555,8177.912242085772,6584.232,2048.13785945,259.2083333333333,287.52666666666664,,,,,,,,,,,,,,,,1.6666666666666667,-0.85,,1362934.884686689,2194198.9982078853,159.29,180.49166666666667,,0.6306319445343256,0.18333333333333335
2019,2,CUNDINAMARCA,30384.2,25743.0,30333.2,1.139,70,,,,,,,,,0.39999999999999997,0.7,0.2,0.20976176963403026,Neutro,0,0,856529.8387096775,103.12790654997177,8079.0,7104.5509999999995,1346.06580042,103.12833333333333,139.74,,,,,,,,,,,,,,,,,,,,,,,,,0.39999999999999997
2020,2,CUNDINAMARCA,29707.0,25551.0,27899.88,1.0501428571428573,70,,,,,,,,,-0.8500000000000001,-0.4,-1.2,0.3391164991562635,La Niña,0,1,1072085.6630824374,110.81377893845286,7741.0,6789.116,1438.086714300001,110.83,162.48166666666665,,,,,,,,,,,,,,,,0.39999999999999997,,,856529.8387096775,,103.12833333333333,,,0.25166178063041533,0.8500000000000001
2021,2,CUNDINAMARCA,29638.22,25592.45,25599.77,0.9935714285714285,70,,,,,,,,,-0.65,-0.3,-0.9,0.2588435821108957,La Niña,0,1,1813460.1523915462,177.03401104962472,6861.0,6694.546,1777.9755760799999,177.03333333333333,252.24,,,,,,,,,,,,,,,,-0.8500000000000001,0.39999999999999997,,1072085.6630824374,856529.8387096775,110.83,103.12833333333333,,0.6915254208115469,0.65
2022,2,CUNDINAMARCA,29362.16,25583.510000000002,21163.61,0.8215714285714285,70,,,,,,,,,-0.85,-0.7,-1.0,0.10488088481701514,La Niña,0,1,2194198.9982078853,180.53962279521804,5655.599220188862,5540.512,1710.135522140001,180.49166666666667,264.185,,,,,,,,,,,,,,,,-0.65,-0.8500000000000001,0.39999999999999997,1813460.1523915462,1072085.6630824374,177.03333333333333,110.83,,0.20995159188594803,0.85
2023,2,CUNDINAMARCA,28830.47,25461.989999999998,22931.5,0.883,70,,,,,,,,,1.6666666666666667,2.1,1.1,0.3777124126457412,El Niño,1,0,1362934.884686689,159.2891087629881,6327.565109901505,5588.687,1499.721330479999,159.29,192.6016666666667,,,,,,,,,,,,,,,,-0.85,-0.65,-0.8500000000000001,2194198.9982078853,1813460.1523915462,180.49166666666667,177.03333333333333,,-0.37884627337818144,1.6666666666666667
2024,2,CUNDINAMARCA,28220.82,23896.36,27530.63,1.1295714285714287,70,,,,,,,,,-0.18333333333333335,0.1,-0.4,0.17224014243685085,Neutro,0,0,2222445.1612903224,259.1961844002555,8177.912242085772,6584.232,2048.13785945,259.2083333333333,287.52666666666664,,,,,,,,,,,,,,,,1.6666666666666667,-0.85,-0.65,1362934.884686689,2194198.9982078853,159.29,180.49166666666667,,0.6306319445343256,0.18333333333333335
2019,2,HUILA,148064.6,114024.08,162382.43,1.4225714285714286,35,19.425569196428572,25.721328058035716,15.684938846726189,10.036389211309528,14550.2,3.165839860748477,1596.0,112.8,0.39999999999999997,0.7,0.2,0.20976176963403026,Neutro,0,0,856529.8387096775,103.12790654997177,8079.0,7104.5509999999995,1346.06580042,103.12833333333333,139.74,,,,,,,,,,,,,,,,,,,,,,,712.3522414515683,,0.39999999999999997
2020,2,HUILA,148339.23,127431.9,163558.13,1.2985714285714285,35,19.80734011627907,26.901251518895346,15.725925755813954,11.175325763081393,8464.5,3.041501976284585,906.0,101.8,-0.8500000000000001,-0.4,-1.2,0.3391164991562635,La Niña,0,1,1072085.6630824374,110.81377893845286,7741.0,6789.116,1438.086714300001,110.83,162.48166666666665,19.425569196428572,,,10.036389211309528,,,14550.2,,,3.165839860748477,,,1596.0,,,0.39999999999999997,,,856529.8387096775,,103.12833333333333,,406.8035583932045,0.25166178063041533,0.8500000000000001
2021,2,HUILA,144122.76,116752.97,140029.89,1.1954285714285713,35,19.774778348110125,26.320512935137657,15.91072867008866,10.409784265048996,8935.3,2.830313588850174,1033.0,87.2,-0.65,-0.3,-0.9,0.2588435821108957,La Niña,0,1,1813460.1523915462,177.03401104962472,6861.0,6694.546,1777.9755760799999,177.03333333333333,252.24,19.80734011627907,19.425569196428572,,11.175325763081393,10.036389211309528,,8464.5,14550.2,,3.041501976284585,3.165839860748477,,906.0,1596.0,,-0.8500000000000001,0.39999999999999997,,1072085.6630824374,856529.8387096775,110.83,103.12833333333333,430.10326513605577,0.6915254208115469,0.65
2022,2,HUILA,145789.96,119496.76,136023.18,1.0728571428571427,35,18.932073250490518,24.96375468933944,15.363217083060823,9.600537606278616,6400.21,2.710804743752647,628.0,103.0,-0.85,-0.7,-1.0,0.10488088481701514,La Niña,0,1,2194198.9982078853,180.53962279521804,5655.599220188862,5540.512,1710.135522140001,180.49166666666667,264.185,19.774778348110125,19.80734011627907,19.425569196428572,10.409784265048996,11.175325763081393,10.036389211309528,8935.3,8464.5,14550.2,2.830313588850174,3.041501976284585,3.165839860748477,1033.0,906.0,1596.0,-0.65,-0.8500000000000001,0.39999999999999997,1813460.1523915462,1072085.6630824374,177.03333333333333,110.83,321.10106758926815,0.20995159188594803,0.85
2023,2,HUILA,147991.64,121423.56,142524.31,1.0991428571428572,35,22.55867361111111,28.98695665972222,18.347389305555556,10.639567354166665,3761.4,2.3612052730696798,431.0,98.0,1.6666666666666667,2.1,1.1,0.3777124126457412,El Niño,1,0,1362934.884686689,159.2891087629881,6327.565109901505,5588.687,1499.721330479999,159.29,192.6016666666667,18.932073250490518,19.774778348110125,19.80734011627907,9.600537606278616,10.409784265048996,11.175325763081393,6400.21,8935.3,8464.5,2.710804743752647,2.830313588850174,3.041501976284585,628.0,1033.0,906.0,-0.85,-0.65,-0.8500000000000001,2194198.9982078853,1813460.1523915462,180.49166666666667,177.03333333333333,159.66094110773662,-0.37884627337818144,1.6666666666666667
2024,2,HUILA,149077.28,115607.35,169251.48,1.37,35,22.364191468253967,28.691567460317458,18.118754960317464,10.572812499999994,21759.85,8.463574484636327,1030.0,199.8,-0.18333333333333335,0.1,-0.4,0.17224014243685085,Neutro,0,0,2222445.1612903224,259.1961844002555,8177.912242085772,6584.232,2048.13785945,259.2083333333333,287.52666666666664,22.55867361111111,18.932073250490518,19.774778348110125,10.639567354166665,9.600537606278616,10.409784265048996,3761.4,6400.21,8935.3,2.3612052730696798,2.710804743752647,2.830313588850174,431.0,628.0,1033.0,1.6666666666666667,-0.85,-0.65,1362934.884686689,2194198.9982078853,159.29,180.49166666666667,931.3333196043243,0.6306319445343256,0.18333333333333335
2019,2,LA GUAJIRA,4253.0,3948.0,4041.5,1.045,10,,,,,,,,,0.39999999999999997,0.7,0.2,0.20976176963403026,Neutro,0,0,856529.8387096775,103.12790654997177,8079.0,7104.5509999999995,1346.06580042,103.12833333333333,139.74,,,,,,,,,,,,,,,,,,,,,,,,,0.39999999999999997
2020,2,LA GUAJIRA,4217.0,3993.0,3642.5,0.906,10,,,,,,,,,-0.8500000000000001,-0.4,-1.2,0.3391164991562635,La Niña,0,1,1072085.6630824374,110.81377893845286,7741.0,6789.116,1438.086714300001,110.83,162.48166666666665,,,,,,,,,,,,,,,,0.39999999999999997,,,856529.8387096775,,103.12833333333333,,,0.25166178063041533,0.8500000000000001
2021,2,LA GUAJIRA,4076.38,3848.77,2700.39,0.79,10,,,,,,,,,-0.65,-0.3,-0.9,0.2588435821108957,La Niña,0,1,1813460.1523915462,177.03401104962472,6861.0,6694.546,1777.9755760799999,177.03333333333333,252.24,,,,,,,,,,,,,,,,-0.8500000000000001,0.39999999999999997,,1072085.6630824374,856529.8387096775,110.83,103.12833333333333,,0.6915254208115469,0.65
2022,2,LA GUAJIRA,3659.24,3372.91,2167.0699999999997,0.703,10,,,,,,,,,-0.85,-0.7,-1.0,0.10488088481701514,La Niña,0,1,2194198.9982078853,180.53962279521804,5655.599220188862,5540.512,1710.135522140001,180.49166666666667,264.185,,,,,,,,,,,,,,,,-0.65,-0.8500000000000001,0.39999999999999997,1813460.1523915462,1072085.6630824374,177.03333333333333,110.83,,0.20995159188594803,0.85
2023,2,LA GUAJIRA,3031.89,2705.93,1623.38,0.729,10,,,,,,,,,1.6666666666666667,2.1,1.1,0.3777124126457412,El Niño,1,0,1362934.884686689,159.2891087629881,6327.565109901505,5588.687,1499.721330479999,159.29,192.6016666666667,,,,,,,,,,,,,,,,-0.85,-0.65,-0.8500000000000001,2194198.9982078853,1813460.1523915462,180.49166666666667,177.03333333333333,,-0.37884627337818144,1.6666666666666667
2024,2,LA GUAJIRA,2781.12,2434.02,2119.0299999999997,0.9019999999999999,10,,,,,,,,,-0.18333333333333335,0.1,-0.4,0.17224014243685085,Neutro,0,0,2222445.1612903224,259.1961844002555,8177.912242085772,6584.232,2048.13785945,259.2083333333333,287.52666666666664,,,,,,,,,,,,,,,,1.6666666666666667,-0.85,-0.65,1362934.884686689,2194198.9982078853,159.29,180.49166666666667,,0.6306319445343256,0.18333333333333335
2019,2,MAGDALENA,19816.0,19284.0,14114.0,0.8200000000000001,4,,,,,,,,,0.39999999999999997,0.7,0.2,0.20976176963403026,Neutro,0,0,856529.8387096775,103.12790654997177,8079.0,7104.5509999999995,1346.06580042,103.12833333333333,139.74,,,,,,,,,,,,,,,,,,,,,,,,,0.39999999999999997
2020,2,MAGDALENA,18273.0,17657.0,12492.92,0.795,4,,,,,,,,,-0.8500000000000001,-0.4,-1.2,0.3391164991562635,La Niña,0,1,1072085.6630824374,110.81377893845286,7741.0,6789.116,1438.086714300001,110.83,162.48166666666665,,,,,,,,,,,,,,,,0.39999999999999997,,,856529.8387096775,,103.12833333333333,,,0.25166178063041533,0.8500000000000001
2021,2,MAGDALENA,17659.73,15864.25,9929.89,0.6849999999999999,4,,,,,,,,,-0.65,-0.3,-0.9,0.2588435821108957,La Niña,0,1,1813460.1523915462,177.03401104962472,6861.0,6694.546,1777.9755760799999,177.03333333333333,252.24,,,,,,,,,,,,,,,,-0.8500000000000001,0.39999999999999997,,1072085.6630824374,856529.8387096775,110.83,103.12833333333333,,0.6915254208115469,0.65
2022,2,MAGDALENA,17545.57,15564.9,9489.16,0.6699999999999999,4,,,,,,,,,-0.85,-0.7,-1.0,0.10488088481701514,La Niña,0,1,2194198.9982078853,180.53962279521804,5655.599220188862,5540.512,1710.135522140001,180.49166666666667,264.185,,,,,,,,,,,,,,,,-0.65,-0.8500000000000001,0.39999999999999997,1813460.1523915462,1072085.6630824374,177.03333333333333,110.83,,0.20995159188594803,0.85
2023,2,MAGDALENA,17671.83,15456.009999999998,8874.17,0.65,4,,,,,,,,,1.6666666666666667,2.1,1.1,0.3777124126457412,El Niño,1,0,1362934.884686689,159.2891087629881,6327.565109901505,5588.687,1499.721330479999,159.29,192.6016666666667,,,,,,,,,,,,,,,,-0.85,-0.65,-0.8500000000000001,2194198.9982078853,1813460.1523915462,180.49166666666667,177.03333333333333,,-0.37884627337818144,1.6666666666666667
2024,2,MAGDALENA,16943.03,14050.499999999998,9968.12,0.8075,4,,,,,,,,,-0.18333333333333335,0.1,-0.4,0.17224014243685085,Neutro,0,0,2222445.1612903224,259.1961844002555,8177.912242085772,6584.232,2048.13785945,259.2083333333333,287.52666666666664,,,,,,,,,,,,,,,,1.6666666666666667,-0.85,-0.65,1362934.884686689,2194198.9982078853,159.29,180.49166666666667,,0.6306319445343256,0.18333333333333335
2019,2,META,2888.6,2448.3199999999997,2199.96,0.9845454545454545,11,,,,,,,,,0.39999999999999997,0.7,0.2,0.20976176963403026,Neutro,0,0,856529.8387096775,103.12790654997177,8079.0,7104.5509999999995,1346.06580042,103.12833333333333,139.74,,,,,,,,,,,,,,,,,,,,,,,,,0.39999999999999997
2020,2,META,2941.92,2408.65,1856.1399999999999,0.7961538461538461,13,,,,,,,,,-0.8500000000000001,-0.4,-1.2,0.3391164991562635,La Niña,0,1,1072085.6630824374,110.81377893845286,7741.0,6789.116,1438.086714300001,110.83,162.48166666666665,,,,,,,,,,,,,,,,0.39999999999999997,,,856529.8387096775,,103.12833333333333,,,0.25166178063041533,0.8500000000000001
2021,2,META,3063.91,2631.23,2082.89,0.8223076923076923,13,,,,,,,,,-0.65,-0.3,-0.9,0.2588435821108957,La Niña,0,1,1813460.1523915462,177.03401104962472,6861.0,6694.546,1777.9755760799999,177.03333333333333,252.24,,,,,,,,,,,,,,,,-0.8500000000000001,0.39999999999999997,,1072085.6630824374,856529.8387096775,110.83,103.12833333333333,,0.6915254208115469,0.65
2022,2,META,2944.38,2528.81,1735.42,0.7092307692307693,13,,,,,,,,,-0.85,-0.7,-1.0,0.10488088481701514,La Niña,0,1,2194198.9982078853,180.53962279521804,5655.599220188862,5540.512,1710.135522140001,180.49166666666667,264.185,,,,,,,,,,,,,,,,-0.65,-0.8500000000000001,0.39999999999999997,1813460.1523915462,1072085.6630824374,177.03333333333333,110.83,,0.20995159188594803,0.85
2023,2,META,2939.96,2361.06,1515.6599999999999,0.8223076923076924,13,,,,,,,,,1.6666666666666667,2.1,1.1,0.3777124126457412,El Niño,1,0,1362934.884686689,159.2891087629881,6327.565109901505,5588.687,1499.721330479999,159.29,192.6016666666667,,,,,,,,,,,,,,,,-0.85,-0.65,-0.8500000000000001,2194198.9982078853,1813460.1523915462,180.49166666666667,177.03333333333333,,-0.37884627337818144,1.6666666666666667
2024,2,META,3174.37,2343.74,2867.77,0.98,13,,,,,,,,,-0.18333333333333335,0.1,-0.4,0.17224014243685085,Neutro,0,0,2222445.1612903224,259.1961844002555,8177.912242085772,6584.232,2048.13785945,259.2083333333333,287.52666666666664,,,,,,,,,,,,,,,,1.6666666666666667,-0.85,-0.65,1362934.884686689,2194198.9982078853,159.29,180.49166666666667,,0.6306319445343256,0.18333333333333335
2019,2,NARINO,36264.51,30169.37,38830.11,1.20725,40,16.184953161592507,22.630401705698674,11.851884149102265,10.778517556596409,15487.993,4.716197624847747,1409.0,126.6,0.39999999999999997,0.7,0.2,0.20976176963403026,Neutro,0,0,856529.8387096775,103.12790654997177,8079.0,7104.5509999999995,1346.06580042,103.12833333333333,139.74,,,,,,,,,,,,,,,,,,,,,,,901.2531401374357,,0.39999999999999997
2020,2,NARINO,35873.0,31324.0,34007.909999999996,1.00875,40,16.954263636363635,22.5561519,13.487426703636363,9.068725196363637,8771.517,4.597231132075471,800.0,117.4,-0.8500000000000001,-0.4,-1.2,0.3391164991562635,La Niña,0,1,1072085.6630824374,110.81377893845286,7741.0,6789.116,1438.086714300001,110.83,162.48166666666665,16.184953161592507,,,10.778517556596409,,,15487.993,,,4.716197624847747,,,1409.0,,,0.39999999999999997,,,856529.8387096775,,103.12833333333333,,488.54785568786144,0.25166178063041533,0.8500000000000001
2021,2,NARINO,35588.01,30987.53,32546.510000000002,1.0382500000000001,40,16.558233710285407,22.550573338718362,13.040798050619278,9.509775288099084,8303.835,3.596290601992204,942.0,78.8,-0.65,-0.3,-0.9,0.2588435821108957,La Niña,0,1,1813460.1523915462,177.03401104962472,6861.0,6694.546,1777.9755760799999,177.03333333333333,252.24,16.954263636363635,16.184953161592507,,9.068725196363637,10.778517556596409,,8771.517,15487.993,,4.597231132075471,4.716197624847747,,800.0,1409.0,,-0.8500000000000001,0.39999999999999997,,1072085.6630824374,856529.8387096775,110.83,103.12833333333333,472.9311123781039,0.6915254208115469,0.65
2022,2,NARINO,35765.21,29495.25,26660.59,0.84375,40,15.342805582290664,20.537644874879692,12.041718392685274,8.495926482194418,7026.707,2.397375298532924,888.0,57.4,-0.85,-0.7,-1.0,0.10488088481701514,La Niña,0,1,2194198.9982078853,180.53962279521804,5655.599220188862,5540.512,1710.135522140001,180.49166666666667,264.185,16.558233710285407,16.954263636363635,16.184953161592507,9.509775288099084,9.068725196363637,10.778517556596409,8303.835,8771.517,15487.993,3.596290601992204,4.597231132075471,4.716197624847747,942.0,800.0,1409.0,-0.65,-0.8500000000000001,0.39999999999999997,1813460.1523915462,1072085.6630824374,177.03333333333333,110.83,429.95720438688056,0.20995159188594803,0.85
2023,2,NARINO,35991.77,29630.75,27283.0,0.8312195121951219,41,13.682065217391305,18.870033526570047,9.59998211352657,9.270051413043477,3051.497,3.060679037111334,342.0,77.7,1.6666666666666667,2.1,1.1,0.3777124126457412,El Niño,1,0,1362934.884686689,159.2891087629881,6327.565109901505,5588.687,1499.721330479999,159.29,192.6016666666667,15.342805582290664,16.558233710285407,16.954263636363635,8.495926482194418,9.509775288099084,9.068725196363637,7026.707,8303.835,8771.517,2.397375298532924,3.596290601992204,4.597231132075471,888.0,942.0,800.0,-0.85,-0.65,-0.8500000000000001,2194198.9982078853,1813460.1523915462,180.49166666666667,177.03333333333333,207.8384038497131,-0.37884627337818144,1.6666666666666667
2024,2,NARINO,35730.409999999996,28669.22,32383.690000000002,1.0519512195121952,41,14.85257060101376,20.30796524257784,11.002900072411295,9.305065170166545,11928.1,6.101329923273657,669.0,197.7,-0.18333333333333335,0.1,-0.4,0.17224014243685085,Neutro,0,0,2222445.1612903224,259.1961844002555,8177.912242085772,6584.232,2048.13785945,259.2083333333333,287.52666666666664,13.682065217391305,15.342805582290664,16.558233710285407,9.270051413043477,8.495926482194418,9.509775288099084,3051.497,7026.707,8303.835,3.060679037111334,2.397375298532924,3.596290601992204,342.0,888.0,942.0,1.6666666666666667,-0.85,-0.65,1362934.884686689,2194198.9982078853,159.29,180.49166666666667,752.4394812811752,0.6306319445343256,0.18333333333333335
2019,2,NORTE DE SANTANDER,23026.989999999998,19787.46,24340.5,1.1780555555555556,36,,,,,,,,,0.39999999999999997,0.7,0.2,0.20976176963403026,Neutro,0,0,856529.8387096775,103.12790654997177,8079.0,7104.5509999999995,1346.06580042,103.12833333333333,139.74,,,,,,,,,,,,,,,,,,,,,,,,,0.39999999999999997
2020,2,NORTE DE SANTANDER,23095.26,20361.16,21509.14,0.9924999999999999,36,,,,,,,,,-0.8500000000000001,-0.4,-1.2,0.3391164991562635,La Niña,0,1,1072085.6630824374,110.81377893845286,7741.0,6789.116,1438.086714300001,110.83,162.48166666666665,,,,,,,,,,,,,,,,0.39999999999999997,,,856529.8387096775,,103.12833333333333,,,0.25166178063041533,0.8500000000000001
2021,2,NORTE DE SANTANDER,22888.64,20080.07,20740.94,1.0230555555555556,36,,,,,,,,,-0.65,-0.3,-0.9,0.2588435821108957,La Niña,0,1,1813460.1523915462,177.03401104962472,6861.0,6694.546,1777.9755760799999,177.03333333333333,252.24,,,,,,,,,,,,,,,,-0.8500000000000001,0.39999999999999997,,1072085.6630824374,856529.8387096775,110.83,103.12833333333333,,0.6915254208115469,0.65
2022,2,NORTE DE SANTANDER,23410.6,20260.38,18161.91,0.8783333333333334,36,,,,,,,,,-0.85,-0.7,-1.0,0.10488088481701514,La Niña,0,1,2194198.9982078853,180.53962279521804,5655.599220188862,5540.512,1710.135522140001,180.49166666666667,264.185,,,,,,,,,,,,,,,,-0.65,-0.8500000000000001,0.39999999999999997,1813460.1523915462,1072085.6630824374,177.03333333333333,110.83,,0.20995159188594803,0.85
2023,2,NORTE DE SANTANDER,24117.329999999998,20224.45,16277.45,0.8316666666666667,36,,,,,,,,,1.6666666666666667,2.1,1.1,0.3777124126457412,El Niño,1,0,1362934.884686689,159.2891087629881,6327.565109901505,5588.687,1499.721330479999,159.29,192.6016666666667,,,,,,,,,,,,,,,,-0.85,-0.65,-0.8500000000000001,2194198.9982078853,1813460.1523915462,180.49166666666667,177.03333333333333,,-0.37884627337818144,1.6666666666666667
2024,2,NORTE DE SANTANDER,24639.670000000002,20233.12,20114.78,1.0148648648648648,37,,,,,,,,,-0.18333333333333335,0.1,-0.4,0.17224014243685085,Neutro,0,0,2222445.1612903224,259.1961844002555,8177.912242085772,6584.232,2048.13785945,259.2083333333333,287.52666666666664,,,,,,,,,,,,,,,,1.6666666666666667,-0.85,-0.65,1362934.884686689,2194198.9982078853,159.29,180.49166666666667,,0.6306319445343256,0.18333333333333335
2019,2,PUTUMAYO,224.0,222.0,115.0,0.75,2,,,,,,,,,0.39999999999999997,0.7,0.2,0.20976176963403026,Neutro,0,0,856529.8387096775,103.12790654997177,8079.0,7104.5509999999995,1346.06580042,103.12833333333333,139.74,,,,,,,,,,,,,,,,,,,,,,,,,0.39999999999999997
2020,2,PUTUMAYO,227.0,203.0,158.6,1.12,2,,,,,,,,,-0.8500000000000001,-0.4,-1.2,0.3391164991562635,La Niña,0,1,1072085.6630824374,110.81377893845286,7741.0,6789.116,1438.086714300001,110.83,162.48166666666665,,,,,,,,,,,,,,,,0.39999999999999997,,,856529.8387096775,,103.12833333333333,,,0.25166178063041533,0.8500000000000001
2021,2,PUTUMAYO,224.38,200.92,219.0,1.09,2,,,,,,,,,-0.65,-0.3,-0.9,0.2588435821108957,La Niña,0,1,1813460.1523915462,177.03401104962472,6861.0,6694.546,1777.9755760799999,177.03333333333333,252.24,,,,,,,,,,,,,,,,-0.8500000000000001,0.39999999999999997,,1072085.6630824374,856529.8387096775,110.83,103.12833333333333,,0.6915254208115469,0.65
2022,2,PUTUMAYO,226.74,198.18,169.33,0.5833333333333334,3,,,,,,,,,-0.85,-0.7,-1.0,0.10488088481701514,La Niña,0,1,2194198.9982078853,180.53962279521804,5655.599220188862,5540.512,1710.135522140001,180.49166666666667,264.185,,,,,,,,,,,,,,,,-0.65,-0.8500000000000001,0.39999999999999997,1813460.1523915462,1072085.6630824374,177.03333333333333,110.83,,0.20995159188594803,0.85
2023,2,PUTUMAYO,216.45,174.85,136.24,0.4175,4,,,,,,,,,1.6666666666666667,2.1,1.1,0.3777124126457412,El Niño,1,0,1362934.884686689,159.2891087629881,6327.565109901505,5588.687,1499.721330479999,159.29,192.6016666666667,,,,,,,,,,,,,,,,-0.85,-0.65,-0.8500000000000001,2194198.9982078853,1813460.1523915462,180.49166666666667,177.03333333333333,,-0.37884627337818144,1.6666666666666667
2024,2,PUTUMAYO,214.45,167.17,161.88,0.8083333333333332,6,,,,,,,,,-0.18333333333333335,0.1,-0.4,0.17224014243685085,Neutro,0,0,2222445.1612903224,259.1961844002555,8177.912242085772,6584.232,2048.13785945,259.2083333333333,287.52666666666664,,,,,,,,,,,,,,,,1.6666666666666667,-0.85,-0.65,1362934.884686689,2194198.9982078853,159.29,180.49166666666667,,0.6306319445343256,0.18333333333333335
2019,2,QUINDIO,20023.09,14820.9,19705.84,1.3483333333333334,12,,,,,9665.781,4.46662707948244,822.0,90.49,0.39999999999999997,0.7,0.2,0.20976176963403026,Neutro,0,0,856529.8387096775,103.12790654997177,8079.0,7104.5509999999995,1346.06580042,103.12833333333333,139.74,,,,,,,,,,,,,,,,,,,,,,,,,0.39999999999999997
2020,2,QUINDIO,19646.760000000002,15370.76,18496.760000000002,1.2075,12,,,,,8792.686,5.265081437125748,740.0,136.7,-0.8500000000000001,-0.4,-1.2,0.3391164991562635,La Niña,0,1,1072085.6630824374,110.81377893845286,7741.0,6789.116,1438.086714300001,110.83,162.48166666666665,,,,,,,9665.781,,,4.46662707948244,,,822.0,,,0.39999999999999997,,,856529.8387096775,,103.12833333333333,,,0.25166178063041533,0.8500000000000001
2021,2,QUINDIO,18871.27,14590.83,15351.68,1.0725,12,,,,,7176.165,5.659436119873817,600.0,89.8,-0.65,-0.3,-0.9,0.2588435821108957,La Niña,0,1,1813460.1523915462,177.03401104962472,6861.0,6694.546,1777.9755760799999,177.03333333333333,252.24,,,,,,,8792.686,9665.781,,5.265081437125748,4.46662707948244,,740.0,822.0,,-0.8500000000000001,0.39999999999999997,,1072085.6630824374,856529.8387096775,110.83,103.12833333333333,,0.6915254208115469,0.65
2022,2,QUINDIO,18436.79,14259.28,13441.83,0.9441666666666667,12,,,,,3469.502,3.3914975562072334,310.0,74.5,-0.85,-0.7,-1.0,0.10488088481701514,La Niña,0,1,2194198.9982078853,180.53962279521804,5655.599220188862,5540.512,1710.135522140001,180.49166666666667,264.185,,,,,,,7176.165,8792.686,9665.781,5.659436119873817,5.265081437125748,4.46662707948244,600.0,740.0,822.0,-0.65,-0.8500000000000001,0.39999999999999997,1813460.1523915462,1072085.6630824374,177.03333333333333,110.83,,0.20995159188594803,0.85
2023,2,QUINDIO,18051.44,13907.35,14906.18,1.1624999999999999,12,,,,,1554.922,5.51390780141844,85.0,82.7,1.6666666666666667,2.1,1.1,0.3777124126457412,El Niño,1,0,1362934.884686689,159.2891087629881,6327.565109901505,5588.687,1499.721330479999,159.29,192.6016666666667,,,,,,,3469.502,7176.165,8792.686,3.3914975562072334,5.659436119873817,5.265081437125748,310.0,600.0,740.0,-0.85,-0.65,-0.8500000000000001,2194198.9982078853,1813460.1523915462,180.49166666666667,177.03333333333333,,-0.37884627337818144,1.6666666666666667
2024,2,QUINDIO,17929.55,13689.87,18484.67,1.3533333333333333,12,,,,,6397.817,14.344881165919283,230.0,182.274,-0.18333333333333335,0.1,-0.4,0.17224014243685085,Neutro,0,0,2222445.1612903224,259.1961844002555,8177.912242085772,6584.232,2048.13785945,259.2083333333333,287.52666666666664,,,,,,,1554.922,3469.502,7176.165,5.51390780141844,3.3914975562072334,5.659436119873817,85.0,310.0,600.0,1.6666666666666667,-0.85,-0.65,1362934.884686689,2194198.9982078853,159.29,180.49166666666667,,0.6306319445343256,0.18333333333333335
2019,2,RISARALDA,45127.3,34870.1,48054.92,1.3414285714285714,14,18.890905432595574,25.58933524647887,14.05929138415493,11.530043862323941,13109.898,5.3292268292682925,1151.0,105.354,0.39999999999999997,0.7,0.2,0.20976176963403026,Neutro,0,0,856529.8387096775,103.12790654997177,8079.0,7104.5509999999995,1346.06580042,103.12833333333333,139.74,,,,,,,,,,,,,,,,,,,,,,,659.0900572337235,,0.39999999999999997
2020,2,RISARALDA,44471.0,34240.0,41697.99,1.2157142857142857,14,19.955806671204904,26.960358863172225,16.275868202859087,10.684490660313138,10437.05,6.139441176470588,894.0,90.6,-0.8500000000000001,-0.4,-1.2,0.3391164991562635,La Niña,0,1,1072085.6630824374,110.81377893845286,7741.0,6789.116,1438.086714300001,110.83,162.48166666666665,18.890905432595574,,,11.530043862323941,,,13109.898,,,5.3292268292682925,,,1151.0,,,0.39999999999999997,,,856529.8387096775,,103.12833333333333,,498.05050045348105,0.25166178063041533,0.8500000000000001
2021,2,RISARALDA,43386.83,32937.71,36067.45,1.112142857142857,14,20.100342178770948,26.667668044692736,16.236935602444134,10.430732442248601,6700.0,4.5485403937542435,564.0,80.6,-0.65,-0.3,-0.9,0.2588435821108957,La Niña,0,1,1813460.1523915462,177.03401104962472,6861.0,6694.546,1777.9755760799999,177.03333333333333,252.24,19.955806671204904,18.890905432595574,,10.684490660313138,11.530043862323941,,10437.05,13109.898,,6.139441176470588,5.3292268292682925,,894.0,1151.0,,-0.8500000000000001,0.39999999999999997,,1072085.6630824374,856529.8387096775,110.83,103.12833333333333,317.530395632203,0.6915254208115469,0.65
2022,2,RISARALDA,43183.67,33376.97,33387.59,1.042142857142857,14,19.175921397379913,25.442187991266376,15.748914705764193,9.693273285502183,5493.814,4.6400456081081085,445.0,69.2,-0.85,-0.7,-1.0,0.10488088481701514,La Niña,0,1,2194198.9982078853,180.53962279521804,5655.599220188862,5540.512,1710.135522140001,180.49166666666667,264.185,20.100342178770948,19.955806671204904,18.890905432595574,10.430732442248601,10.684490660313138,11.530043862323941,6700.0,10437.05,13109.898,4.5485403937542435,6.139441176470588,5.3292268292682925,564.0,894.0,1151.0,-0.65,-0.8500000000000001,0.39999999999999997,1813460.1523915462,1072085.6630824374,177.03333333333333,110.83,272.2955691487497,0.20995159188594803,0.85
2023,2,RISARALDA,42012.69,32508.96,32344.989999999998,1.0057142857142858,14,21.969562841530053,28.430948770491803,17.66082180327869,10.770126967213113,1994.157,4.180622641509434,151.0,109.631,1.6666666666666667,2.1,1.1,0.3777124126457412,El Niño,1,0,1362934.884686689,159.2891087629881,6327.565109901505,5588.687,1499.721330479999,159.29,192.6016666666667,19.175921397379913,20.100342178770948,19.955806671204904,9.693273285502183,10.430732442248601,10.684490660313138,5493.814,6700.0,10437.05,4.6400456081081085,4.5485403937542435,6.139441176470588,445.0,564.0,894.0,-0.85,-0.65,-0.8500000000000001,2194198.9982078853,1813460.1523915462,180.49166666666667,177.03333333333333,86.81736843482585,-0.37884627337818144,1.6666666666666667
2024,2,RISARALDA,40856.38,30750.61,41226.99,1.352857142857143,14,20.768709677419356,26.160887096774193,15.429032258064517,10.731854838709676,1994.672,5.011738693467337,115.0,148.6,-0.18333333333333335,0.1,-0.4,0.17224014243685085,Neutro,0,0,2222445.1612903224,259.1961844002555,8177.912242085772,6584.232,2048.13785945,259.2083333333333,287.52666666666664,21.969562841530053,19.175921397379913,20.100342178770948,10.770126967213113,9.693273285502183,10.430732442248601,1994.157,5493.814,6700.0,4.180622641509434,4.6400456081081085,4.5485403937542435,151.0,445.0,564.0,1.6666666666666667,-0.85,-0.65,1362934.884686689,2194198.9982078853,159.29,180.49166666666667,91.63023576308107,0.6306319445343256,0.18333333333333335
2019,2,SANTANDER,51295.0,41687.5,49824.13,1.2344,75,,,,,,,,,0.39999999999999997,0.7,0.2,0.20976176963403026,Neutro,0,0,856529.8387096775,103.12790654997177,8079.0,7104.5509999999995,1346.06580042,103.12833333333333,139.74,,,,,,,,,,,,,,,,,,,,,,,,,0.39999999999999997
2020,2,SANTANDER,52011.0,42622.0,41165.5,1.0448,75,,,,,,,,,-0.8500000000000001,-0.4,-1.2,0.3391164991562635,La Niña,0,1,1072085.6630824374,110.81377893845286,7741.0,6789.116,1438.086714300001,110.83,162.48166666666665,,,,,,,,,,,,,,,,0.39999999999999997,,,856529.8387096775,,103.12833333333333,,,0.25166178063041533,0.8500000000000001
2021,2,SANTANDER,53025.83,42424.85,48027.58,1.0986666666666667,75,,,,,,,,,-0.65,-0.3,-0.9,0.2588435821108957,La Niña,0,1,1813460.1523915462,177.03401104962472,6861.0,6694.546,1777.9755760799999,177.03333333333333,252.24,,,,,,,,,,,,,,,,-0.8500000000000001,0.39999999999999997,,1072085.6630824374,856529.8387096775,110.83,103.12833333333333,,0.6915254208115469,0.65
2022,2,SANTANDER,54345.72,44378.29,45048.58,0.9814473684210526,76,,,,,,,,,-0.85,-0.7,-1.0,0.10488088481701514,La Niña,0,1,2194198.9982078853,180.53962279521804,5655.599220188862,5540.512,1710.135522140001,180.49166666666667,264.185,,,,,,,,,,,,,,,,-0.65,-0.8500000000000001,0.39999999999999997,1813460.1523915462,1072085.6630824374,177.03333333333333,110.83,,0.20995159188594803,0.85
2023,2,SANTANDER,55383.3,46352.25,42160.46,0.8507894736842104,76,,,,,,,,,1.6666666666666667,2.1,1.1,0.3777124126457412,El Niño,1,0,1362934.884686689,159.2891087629881,6327.565109901505,5588.687,1499.721330479999,159.29,192.6016666666667,,,,,,,,,,,,,,,,-0.85,-0.65,-0.8500000000000001,2194198.9982078853,1813460.1523915462,180.49166666666667,177.03333333333333,,-0.37884627337818144,1.6666666666666667
2024,2,SANTANDER,55606.2,45409.409999999996,50566.78,1.0226315789473683,76,,,,,,,,,-0.18333333333333335,0.1,-0.4,0.17224014243685085,Neutro,0,0,2222445.1612903224,259.1961844002555,8177.912242085772,6584.232,2048.13785945,259.2083333333333,287.52666666666664,,,,,,,,,,,,,,,,1.6666666666666667,-0.85,-0.65,1362934.884686689,2194198.9982078853,159.29,180.49166666666667,,0.6306319445343256,0.18333333333333335
2022,2,SUCRE,4.0,0.0,0.0,0.0,1,,,,,,,,,-0.85,-0.7,-1.0,0.10488088481701514,La Niña,0,1,2194198.9982078853,180.53962279521804,5655.599220188862,5540.512,1710.135522140001,180.49166666666667,264.185,,,,,,,,,,,,,,,,,,,,,,,,,0.85
2023,2,SUCRE,4.0,0.0,0.0,0.0,1,,,,,,,,,1.6666666666666667,2.1,1.1,0.3777124126457412,El Niño,1,0,1362934.884686689,159.2891087629881,6327.565109901505,5588.687,1499.721330479999,159.29,192.6016666666667,,,,,,,,,,,,,,,,-0.85,,,2194198.9982078853,,180.49166666666667,,,-0.37884627337818144,1.6666666666666667
2024,2,SUCRE,4.0,4.0,1.0,0.25,1,,,,,,,,,-0.18333333333333335,0.1,-0.4,0.17224014243685085,Neutro,0,0,2222445.1612903224,259.1961844002555,8177.912242085772,6584.232,2048.13785945,259.2083333333333,287.52666666666664,,,,,,,,,,,,,,,,1.6666666666666667,-0.85,,1362934.884686689,2194198.9982078853,159.29,180.49166666666667,,0.6306319445343256,0.18333333333333335
2019,2,TOLIMA,108166.0,88341.0,107521.4,1.1997368421052632,38,19.944650106028476,26.06937685852772,15.98792294759164,10.081453910936078,20769.2,3.3326700898587935,1710.0,180.0,0.39999999999999997,0.7,0.2,0.20976176963403026,Neutro,0,0,856529.8387096775,103.12790654997177,8079.0,7104.5509999999995,1346.06580042,103.12833333333333,139.74,,,,,,,,,,,,,,,,,,,,,,,991.6231541161924,,0.39999999999999997
2020,2,TOLIMA,106992.0,89604.0,90304.75,0.9518421052631579,38,20.615607961921246,27.313390653396798,16.53630560796192,10.777085045434877,17339.8,4.7966251728907325,1307.0,141.4,-0.8500000000000001,-0.4,-1.2,0.3391164991562635,La Niña,0,1,1072085.6630824374,110.81377893845286,7741.0,6789.116,1438.086714300001,110.83,162.48166666666665,19.944650106028476,,,10.081453910936078,,,20769.2,,,3.3326700898587935,,,1710.0,,,0.39999999999999997,,,856529.8387096775,,103.12833333333333,,802.1888642015691,0.25166178063041533,0.8500000000000001
2021,2,TOLIMA,107028.17,90778.16,89881.94,1.0289473684210526,38,18.68428796636889,24.745808066211247,15.115345096689438,9.630462969521808,15708.6,5.085335059889932,1133.0,133.6,-0.65,-0.3,-0.9,0.2588435821108957,La Niña,0,1,1813460.1523915462,177.03401104962472,6861.0,6694.546,1777.9755760799999,177.03333333333333,252.24,20.615607961921246,19.944650106028476,,10.777085045434877,10.081453910936078,,17339.8,20769.2,,4.7966251728907325,3.3326700898587935,,1307.0,1710.0,,-0.8500000000000001,0.39999999999999997,,1072085.6630824374,856529.8387096775,110.83,103.12833333333333,798.0273417478218,0.6915254208115469,0.65
2022,2,TOLIMA,106865.86,90110.73,76413.9,0.8155263157894737,38,19.085624227441286,24.526155129789867,15.80352169962917,8.722633430160696,7284.3,2.989043906442347,604.0,142.8,-0.85,-0.7,-1.0,0.10488088481701514,La Niña,0,1,2194198.9982078853,180.53962279521804,5655.599220188862,5540.512,1710.135522140001,180.49166666666667,264.185,18.68428796636889,20.615607961921246,19.944650106028476,9.630462969521808,10.777085045434877,10.081453910936078,15708.6,17339.8,20769.2,5.085335059889932,4.7966251728907325,3.3326700898587935,1133.0,1307.0,1710.0,-0.65,-0.8500000000000001,0.39999999999999997,1813460.1523915462,1072085.6630824374,177.03333333333333,110.83,362.6623657555078,0.20995159188594803,0.85
2023,2,TOLIMA,106837.22,91191.65,75099.17,0.8034210526315789,38,21.81968907563025,28.627074109243697,17.23207994117647,11.394994168067228,3320.0,2.27553118574366,288.0,101.6,1.6666666666666667,2.1,1.1,0.3777124126457412,El Niño,1,0,1362934.884686689,159.2891087629881,6327.565109901505,5588.687,1499.721330479999,159.29,192.6016666666667,19.085624227441286,18.68428796636889,20.615607961921246,8.722633430160696,9.630462969521808,10.777085045434877,7284.3,15708.6,17339.8,2.989043906442347,5.085335059889932,4.7966251728907325,604.0,1133.0,1307.0,-0.85,-0.65,-0.8500000000000001,2194198.9982078853,1813460.1523915462,180.49166666666667,177.03333333333333,145.48839771640516,-0.37884627337818144,1.6666666666666667
2024,2,TOLIMA,105891.8,86387.39,89981.8,1.0052631578947369,38,22.11852798053528,27.583576642335768,18.186861313868615,9.396715328467153,14005.82,6.306087348041423,713.0,153.2,-0.18333333333333335,0.1,-0.4,0.17224014243685085,Neutro,0,0,2222445.1612903224,259.1961844002555,8177.912242085772,6584.232,2048.13785945,259.2083333333333,287.52666666666664,21.81968907563025,19.085624227441286,18.68428796636889,11.394994168067228,8.722633430160696,9.630462969521808,3320.0,7284.3,15708.6,2.27553118574366,2.989043906442347,5.085335059889932,288.0,604.0,1133.0,1.6666666666666667,-0.85,-0.65,1362934.884686689,2194198.9982078853,159.29,180.49166666666667,605.8266344549379,0.6306319445343256,0.18333333333333335
2019,2,VALLE DEL CAUCA,52595.8,42121.0,53880.56,1.258974358974359,39,,,,,,,,,0.39999999999999997,0.7,0.2,0.20976176963403026,Neutro,0,0,856529.8387096775,103.12790654997177,8079.0,7104.5509999999995,1346.06580042,103.12833333333333,139.74,,,,,,,,,,,,,,,,,,,,,,,,,0.39999999999999997
2020,2,VALLE DEL CAUCA,51188.0,43168.0,49303.9,1.0882051282051282,39,,,,,,,,,-0.8500000000000001,-0.4,-1.2,0.3391164991562635,La Niña,0,1,1072085.6630824374,110.81377893845286,7741.0,6789.116,1438.086714300001,110.83,162.48166666666665,,,,,,,,,,,,,,,,0.39999999999999997,,,856529.8387096775,,103.12833333333333,,,0.25166178063041533,0.8500000000000001
2021,2,VALLE DEL CAUCA,51384.94,42388.93,42840.67,1.0207692307692309,39,,,,,,,,,-0.65,-0.3,-0.9,0.2588435821108957,La Niña,0,1,1813460.1523915462,177.03401104962472,6861.0,6694.546,1777.9755760799999,177.03333333333333,252.24,,,,,,,,,,,,,,,,-0.8500000000000001,0.39999999999999997,,1072085.6630824374,856529.8387096775,110.83,103.12833333333333,,0.6915254208115469,0.65
2022,2,VALLE DEL CAUCA,51395.74,42929.23,37093.76,0.8202564102564102,39,,,,,,,,,-0.85,-0.7,-1.0,0.10488088481701514,La Niña,0,1,2194198.9982078853,180.53962279521804,5655.599220188862,5540.512,1710.135522140001,180.49166666666667,264.185,,,,,,,,,,,,,,,,-0.65,-0.8500000000000001,0.39999999999999997,1813460.1523915462,1072085.6630824374,177.03333333333333,110.83,,0.20995159188594803,0.85
2023,2,VALLE DEL CAUCA,50862.67,42279.23,37410.75,0.9410256410256411,39,,,,,,,,,1.6666666666666667,2.1,1.1,0.3777124126457412,El Niño,1,0,1362934.884686689,159.2891087629881,6327.565109901505,5588.687,1499.721330479999,159.29,192.6016666666667,,,,,,,,,,,,,,,,-0.85,-0.65,-0.8500000000000001,2194198.9982078853,1813460.1523915462,180.49166666666667,177.03333333333333,,-0.37884627337818144,1.6666666666666667
2024,2,VALLE DEL CAUCA,50931.85,41458.29,46889.71,1.138974358974359,39,,,,,,,,,-0.18333333333333335,0.1,-0.4,0.17224014243685085,Neutro,0,0,2222445.1612903224,259.1961844002555,8177.912242085772,6584.232,2048.13785945,259.2083333333333,287.52666666666664,,,,,,,,,,,,,,,,1.6666666666666667,-0.85,-0.65,1362934.884686689,2194198.9982078853,159.29,180.49166666666667,,0.6306319445343256,0.18333333333333335
