fecha,Anio,Mes,precio_interno_cop_125kg,precio_oic_compuesto_cusd_libra,produccion_miles_sacos_60kg,exportaciones_volumen_miles_sacos,ONI,Fase_ENSO,Temp_media_nac,Temp_max_nac,Precip_total_nac,ico_composite,colombian_milds,precio_interno_cop_125kg_lag1,precio_interno_cop_125kg_lag2,precio_interno_cop_125kg_lag3,precio_interno_cop_125kg_lag4,precio_interno_cop_125kg_lag5,precio_interno_cop_125kg_lag6,ONI_lag1,ONI_lag2,ONI_lag3,ONI_lag4,ONI_lag5,ONI_lag6,Temp_media_nac_lag1,Temp_media_nac_lag2,Temp_media_nac_lag3,Temp_media_nac_lag4,Temp_media_nac_lag5,Temp_media_nac_lag6,Precip_total_nac_lag1,Precip_total_nac_lag2,Precip_total_nac_lag3,Precip_total_nac_lag4,Precip_total_nac_lag5,Precip_total_nac_lag6,Es_El_Nino,Es_La_Nina
2018-01-01,2018,1,763903.2258064516,115.60045454545455,1131.0,1053.0,,,,,,115.6,143.77,,,,,,,,,,,,,,,,,,,,,,,,,0,0
2018-02-01,2018,2,745031.25,114.19000000000004,1212.0,1098.0,,,,,,114.19,141.5,763903.2258064516,,,,,,,,,,,,,,,,,,,,,,,,0,0
2018-03-01,2018,3,729854.8387096775,112.9904761904762,1037.0,1035.837,,,,,,112.99,139.45,745031.25,763903.2258064516,,,,,,,,,,,,,,,,,,,,,,,0,0
2018-04-01,2018,4,715325.0,112.56333333333332,874.0,924.926,,,,,,112.56,139.29,729854.8387096775,745031.25,763903.2258064516,,,,,,,,,,,,,,,,,,,,,,0,0
2018-05-01,2018,5,754209.6774193548,113.33782608695653,1188.0,950.765,,,,,,113.34,140.26,715325.0,729854.8387096775,745031.25,763903.2258064516,,,,,,,,,,,,,,,,,,,,,0,0
2018-06-01,2018,6,746400.0,110.43571428571433,1087.0,915.101,,,,,,110.44,138.55,754209.6774193548,715325.0,729854.8387096775,745031.25,763903.2258064516,,,,,,,,,,,,,,,,,,,,0,0
2018-07-01,2018,7,717838.7096774194,107.20533333333331,1051.0,1075.909,,,,,,107.2,133.92,746400.0,754209.6774193548,715325.0,729854.8387096775,745031.25,763903.2258064516,,,,,,,,,,,,,,,,,,,0,0
2018-08-01,2018,8,705064.5161290322,102.7237931034483,1258.0,1024.859,,,,,,102.41,129.99,717838.7096774194,746400.0,754209.6774193548,715325.0,729854.8387096775,745031.25,,,,,,,,,,,,,,,,,,,0,0
2018-09-01,2018,9,686933.3333333334,98.17299999999996,1050.0,1098.406,,,,,,98.17,125.74,705064.5161290322,717838.7096774194,746400.0,754209.6774193548,715325.0,729854.8387096775,,,,,,,,,,,,,,,,,,,0,0
2018-10-01,2018,10,796774.1935483871,111.00590909090909,1086.0,1057.659,,,,,,111.21,140.83,686933.3333333334,705064.5161290322,717838.7096774194,746400.0,754209.6774193548,715325.0,,,,,,,,,,,,,,,,,,,0,0
2018-11-01,2018,11,804283.3333333334,109.59000000000002,1300.0,1233.452,,,,,,109.59,139.27,796774.1935483871,686933.3333333334,705064.5161290322,717838.7096774194,746400.0,754209.6774193548,,,,,,,,,,,,,,,,,,,0,0
2018-12-01,2018,12,727645.1612903225,100.61149999999998,1283.0,1282.996,,,,,,100.61,127.86,804283.3333333334,796774.1935483871,686933.3333333334,705064.5161290322,717838.7096774194,746400.0,,,,,,,,,,,,,,,,,,,0,0
2019-01-01,2019,1,727274.1935483871,101.55636363636364,1296.0,1166.335,0.9,El Niño,18.978457943925232,25.56746430040053,9409.433,101.56,129.28,727645.1612903225,804283.3333333334,796774.1935483871,686933.3333333334,705064.5161290322,717838.7096774194,,,,,,,,,,,,,,,,,,,1,0
2019-02-01,2019,2,708089.2857142857,100.67000000000004,1106.0,1245.588,0.9,El Niño,19.153060756591515,25.714458761559037,14312.522,100.67,127.93,727274.1935483871,727645.1612903225,804283.3333333334,796774.1935483871,686933.3333333334,705064.5161290322,0.9,,,,,,18.978457943925232,,,,,,9409.433,,,,,,1,0
2019-03-01,2019,3,690580.6451612903,97.49904761904762,914.0,1140.585,0.8,El Niño,18.699991421218186,25.056286105233056,26924.249,97.5,125.23,708089.2857142857,727274.1935483871,727645.1612903225,804283.3333333334,796774.1935483871,686933.3333333334,0.9,0.9,,,,,19.153060756591515,18.978457943925232,,,,,14312.522,9409.433,,,,,1,0
2019-04-01,2019,4,680566.6666666666,94.42299999999996,1031.0,872.342,0.8,El Niño,18.576863047501543,24.8864823719926,33173.891,94.42,124.42,690580.6451612903,708089.2857142857,727274.1935483871,727645.1612903225,804283.3333333334,796774.1935483871,0.8,0.9,0.9,,,,18.699991421218186,19.153060756591515,18.978457943925232,,,,26924.249,14312.522,9409.433,,,,1,0
2019-05-01,2019,5,724064.5161290322,93.32608695652172,1115.0,1028.036,0.6,El Niño,18.579122324159023,24.81021512232416,36214.967,93.33,124.4,680566.6666666666,690580.6451612903,708089.2857142857,727274.1935483871,727645.1612903225,804283.3333333334,0.8,0.8,0.9,0.9,,,18.576863047501543,18.699991421218186,19.153060756591515,18.978457943925232,,,33173.891,26924.249,14312.522,9409.433,,,1,0
2019-06-01,2019,6,779916.6666666666,99.9695,1211.0,1110.195,0.5,El Niño,18.780596688534832,25.105103808184943,20252.789,99.97,133.49,724064.5161290322,680566.6666666666,690580.6451612903,708089.2857142857,727274.1935483871,727645.1612903225,0.6,0.8,0.8,0.9,0.9,,18.579122324159023,18.576863047501543,18.699991421218186,19.153060756591515,18.978457943925232,,36214.967,33173.891,26924.249,14312.522,9409.433,,1,0
2019-07-01,2019,7,796483.8709677419,103.00826086956522,1317.0,1121.937,0.3,Neutro,18.595171124532644,25.21426884785735,19298.843,103.01,137.63,779916.6666666666,724064.5161290322,680566.6666666666,690580.6451612903,708089.2857142857,727274.1935483871,0.5,0.6,0.8,0.8,0.9,0.9,18.780596688534832,18.579122324159023,18.576863047501543,18.699991421218186,19.153060756591515,18.978457943925232,20252.789,36214.967,33173.891,26924.249,14312.522,9409.433,0,0
2019-08-01,2019,8,798935.4838709678,96.06681818181818,1119.0,1214.031,0.2,Neutro,18.41153058676654,25.102807801747815,11577.591,96.07,129.2,796483.8709677419,779916.6666666666,724064.5161290322,680566.6666666666,690580.6451612903,708089.2857142857,0.3,0.5,0.6,0.8,0.8,0.9,18.595171124532644,18.780596688534832,18.579122324159023,18.576863047501543,18.699991421218186,19.153060756591515,19298.843,20252.789,36214.967,33173.891,26924.249,14312.522,0,0
2019-09-01,2019,9,815450.0,97.73952380952382,1088.0,1008.672,0.2,Neutro,18.602323879231474,25.467539914913083,28784.831,97.74,131.9,798935.4838709678,796483.8709677419,779916.6666666666,724064.5161290322,680566.6666666666,690580.6451612903,0.2,0.3,0.5,0.6,0.8,0.8,18.41153058676654,18.595171124532644,18.780596688534832,18.579122324159023,18.576863047501543,18.699991421218186,11577.591,19298.843,20252.789,36214.967,33173.891,26924.249,0,0
2019-10-01,2019,10,819580.6451612903,97.34521739130436,1369.0,1211.405,0.4,Neutro,17.570814774579034,23.967326440793048,32713.976,97.35,132.09,815450.0,798935.4838709678,796483.8709677419,779916.6666666666,724064.5161290322,680566.6666666666,0.2,0.2,0.3,0.5,0.6,0.8,18.602323879231474,18.41153058676654,18.595171124532644,18.780596688534832,18.579122324159023,18.576863047501543,28784.831,11577.591,19298.843,20252.789,36214.967,33173.891,0,0
2019-11-01,2019,11,909600.0,107.23333333333332,1506.0,1162.209,0.6,El Niño,17.928248272195642,24.105087376927166,36940.174,107.23,146.12,819580.6451612903,815450.0,798935.4838709678,796483.8709677419,779916.6666666666,724064.5161290322,0.4,0.2,0.2,0.3,0.5,0.6,17.570814774579034,18.602323879231474,18.41153058676654,18.595171124532644,18.780596688534832,18.579122324159023,32713.976,28784.831,11577.591,19298.843,20252.789,36214.967,1,0
2019-12-01,2019,12,999129.0322580644,117.37428571428572,1680.0,1386.297,0.7,El Niño,18.391491484184915,24.532852473479316,29794.043,117.37,161.5,909600.0,819580.6451612903,815450.0,798935.4838709678,796483.8709677419,779916.6666666666,0.6,0.4,0.2,0.2,0.3,0.5,17.928248272195642,17.570814774579034,18.602323879231474,18.41153058676654,18.595171124532644,18.780596688534832,36940.174,32713.976,28784.831,11577.591,19298.843,20252.789,1,0
2020-01-01,2020,1,886161.2903225806,106.88545454545456,1050.0,1064.879,0.6,El Niño,18.702080436941408,25.34234115168818,11634.306,106.89,147.52,999129.0322580644,909600.0,819580.6451612903,815450.0,798935.4838709678,796483.8709677419,0.7,0.6,0.4,0.2,0.2,0.3,18.391491484184915,17.928248272195642,17.570814774579034,18.602323879231474,18.41153058676654,18.595171124532644,29794.043,36940.174,32713.976,28784.831,11577.591,19298.843,1,0
2020-02-01,2020,2,909103.448275862,101.997,1001.0,1078.06,0.6,El Niño,19.11077905158937,25.878114697759248,15744.805,102.0,146.43,886161.2903225806,999129.0322580644,909600.0,819580.6451612903,815450.0,798935.4838709678,0.6,0.7,0.6,0.4,0.2,0.2,18.702080436941408,18.391491484184915,17.928248272195642,17.570814774579034,18.602323879231474,18.41153058676654,11634.306,29794.043,36940.174,32713.976,28784.831,11577.591,1,0
2020-03-01,2020,3,1143193.5483870967,109.04909090909092,806.0,947.844,0.5,El Niño,18.68941133004926,25.126670814285717,20693.599,109.05,158.99,909103.448275862,886161.2903225806,999129.0322580644,909600.0,819580.6451612903,815450.0,0.6,0.6,0.7,0.6,0.4,0.2,19.11077905158937,18.702080436941408,18.391491484184915,17.928248272195642,17.570814774579034,18.602323879231474,15744.805,11634.306,29794.043,36940.174,32713.976,28784.831,1,0
2020-04-01,2020,4,1175566.6666666667,108.91318181818184,744.0,642.031,0.3,Neutro,18.697901340176788,24.928836886797832,23316.132,108.91,161.92,1143193.5483870967,909103.448275862,886161.2903225806,999129.0322580644,909600.0,819580.6451612903,0.5,0.6,0.6,0.7,0.6,0.4,18.68941133004926,19.11077905158937,18.702080436941408,18.391491484184915,17.928248272195642,17.570814774579034,20693.599,15744.805,11634.306,29794.043,36940.174,32713.976,0,0
2020-05-01,2020,5,1068870.9677419355,104.43714285714287,1186.0,893.575,0.0,Neutro,19.80223007712082,26.064530610539848,21293.682,104.45,154.96,1175566.6666666667,1143193.5483870967,909103.448275862,886161.2903225806,999129.0322580644,909600.0,0.3,0.5,0.6,0.6,0.7,0.6,18.697901340176788,18.68941133004926,19.11077905158937,18.702080436941408,18.391491484184915,17.928248272195642,23316.132,20693.599,15744.805,11634.306,29794.043,36940.174,0,0
2020-06-01,2020,6,962800.0,99.08913043478262,1362.0,1111.473,-0.2,Neutro,19.285487900078063,25.725149594847775,21350.414,99.05,147.16,1068870.9677419355,1175566.6666666667,1143193.5483870967,909103.448275862,886161.2903225806,999129.0322580644,0.0,0.3,0.5,0.6,0.6,0.7,19.80223007712082,18.697901340176788,18.68941133004926,19.11077905158937,18.702080436941408,18.391491484184915,21293.682,23316.132,20693.599,15744.805,11634.306,29794.043,0,0
2020-07-01,2020,7,1001451.6129032258,103.66260869565218,1310.0,1131.186,-0.4,Neutro,18.874437113402063,25.470002813195876,24203.052,103.66,153.38,962800.0,1068870.9677419355,1175566.6666666667,1143193.5483870967,909103.448275862,886161.2903225806,-0.2,0.0,0.3,0.5,0.6,0.6,19.285487900078063,19.80223007712082,18.697901340176788,18.68941133004926,19.11077905158937,18.702080436941408,21350.414,21293.682,23316.132,20693.599,15744.805,11634.306,0,0
2020-08-01,2020,8,1143967.741935484,114.77714285714286,1091.0,1131.0,-0.5,La Niña,19.12729139362167,25.984295941459152,20516.182,114.78,167.22,1001451.6129032258,962800.0,1068870.9677419355,1175566.6666666667,1143193.5483870967,909103.448275862,-0.4,-0.2,0.0,0.3,0.5,0.6,18.874437113402063,19.285487900078063,19.80223007712082,18.697901340176788,18.68941133004926,19.11077905158937,24203.052,21350.414,21293.682,23316.132,20693.599,15744.805,0,1
2020-09-01,2020,9,1142233.3333333333,116.25227272727275,995.0,887.494,-0.8,La Niña,18.852944756554308,25.935963937265917,17541.131,116.25,168.36,1143967.741935484,1001451.6129032258,962800.0,1068870.9677419355,1175566.6666666667,1143193.5483870967,-0.5,-0.4,-0.2,0.0,0.3,0.5,19.12729139362167,18.874437113402063,19.285487900078063,19.80223007712082,18.697901340176788,18.68941133004926,20516.182,24203.052,21350.414,21293.682,23316.132,20693.599,0,1
2020-10-01,2020,10,1052483.8709677418,105.8509090909091,1159.0,1051.833,-1.1,La Niña,19.061100569259963,25.92640763092979,15770.626,105.85,154.28,1142233.3333333333,1143967.741935484,1001451.6129032258,962800.0,1068870.9677419355,1175566.6666666667,-0.8,-0.5,-0.4,-0.2,0.0,0.3,18.852944756554308,19.12729139362167,18.874437113402063,19.285487900078063,19.80223007712082,18.697901340176788,17541.131,20516.182,24203.052,21350.414,21293.682,23316.132,0,1
2020-11-01,2020,11,1044700.0,109.60428571428572,1443.0,1278.603,-1.2,La Niña,18.893747288503253,25.523886996746203,20306.733,109.7,161.21,1052483.8709677418,1142233.3333333333,1143967.741935484,1001451.6129032258,962800.0,1068870.9677419355,-1.1,-0.8,-0.5,-0.4,-0.2,0.0,19.061100569259963,18.852944756554308,19.12729139362167,18.874437113402063,19.285487900078063,19.80223007712082,15770.626,17541.131,20516.182,24203.052,21350.414,21293.682,0,1
2020-12-01,2020,12,1047677.4193548388,114.73545454545456,1743.0,1309.0,-1.1,La Niña,19.195486775464264,25.877426941474397,15784.959,114.74,170.44,1044700.0,1052483.8709677418,1142233.3333333333,1143967.741935484,1001451.6129032258,962800.0,-1.2,-1.1,-0.8,-0.5,-0.4,-0.2,18.893747288503253,19.061100569259963,18.852944756554308,19.12729139362167,18.874437113402063,19.285487900078063,20306.733,15770.626,17541.131,20516.182,24203.052,21350.414,0,1
2021-01-01,2021,1,1073193.5483870967,115.7265,1081.0,1072.0,-0.9,La Niña,19.923724907063196,26.96648237472119,6273.691,115.73,173.42,1047677.4193548388,1044700.0,1052483.8709677418,1142233.3333333333,1143967.741935484,1001451.6129032258,-1.1,-1.2,-1.1,-0.8,-0.5,-0.4,19.195486775464264,18.893747288503253,19.061100569259963,18.852944756554308,19.12729139362167,18.874437113402063,15784.959,20306.733,15770.626,17541.131,20516.182,24203.052,0,1
2021-02-01,2021,2,1113535.7142857143,119.351,1107.0,1273.64,-0.8,La Niña,19.8090136275146,26.490958916288125,12200.02,119.35,176.96,1073193.5483870967,1047677.4193548388,1044700.0,1052483.8709677418,1142233.3333333333,1143967.741935484,-0.9,-1.1,-1.2,-1.1,-0.8,-0.5,19.923724907063196,19.195486775464264,18.893747288503253,19.061100569259963,18.852944756554308,19.12729139362167,6273.691,15784.959,20306.733,15770.626,17541.131,20516.182,0,1
2021-03-01,2021,3,1156032.258064516,120.35565217391306,1050.0,1128.007,-0.7,La Niña,18.3650126710593,24.58433685859098,20693.091,120.36,177.49,1113535.7142857143,1073193.5483870967,1047677.4193548388,1044700.0,1052483.8709677418,1142233.3333333333,-0.8,-0.9,-1.1,-1.2,-1.1,-0.8,19.8090136275146,19.923724907063196,19.195486775464264,18.893747288503253,19.061100569259963,18.852944756554308,12200.02,6273.691,15784.959,20306.733,15770.626,17541.131,0,1
2021-04-01,2021,4,1207433.3333333333,122.02545454545452,810.0,1035.027,-0.5,La Niña,18.97063679245283,24.5960612942217,12238.081,122.03,181.7,1156032.258064516,1113535.7142857143,1073193.5483870967,1047677.4193548388,1044700.0,1052483.8709677418,-0.7,-0.8,-0.9,-1.1,-1.2,-1.1,18.3650126710593,19.8090136275146,19.923724907063196,19.195486775464264,18.893747288503253,19.061100569259963,20693.091,12200.02,6273.691,15784.959,20306.733,15770.626,0,1
2021-05-01,2021,5,1385935.4838709678,134.7764534294251,616.0,345.0,-0.4,Neutro,17.440774058577407,23.08616670223152,13459.136,134.78,199.02,1207433.3333333333,1156032.258064516,1113535.7142857143,1073193.5483870967,1047677.4193548388,1044700.0,-0.5,-0.7,-0.8,-0.9,-1.1,-1.2,18.97063679245283,18.3650126710593,19.8090136275146,19.923724907063196,19.195486775464264,18.893747288503253,12238.081,20693.091,12200.02,6273.691,15784.959,20306.733,0,0
2021-06-01,2021,6,1420800.0,141.02326032022293,1052.0,890.284,-0.3,Neutro,15.946824842986741,21.9529799581298,14118.556,141.03,206.53,1385935.4838709678,1207433.3333333333,1156032.258064516,1113535.7142857143,1073193.5483870967,1047677.4193548388,-0.4,-0.5,-0.7,-0.8,-0.9,-1.1,17.440774058577407,18.97063679245283,18.3650126710593,19.8090136275146,19.923724907063196,19.195486775464264,13459.136,12238.081,20693.091,12200.02,6273.691,15784.959,0,0
2021-07-01,2021,7,1562741.935483871,152.2424558998325,1209.0,1184.276,-0.3,Neutro,18.063545098039217,24.281748744313727,15383.932,152.24,218.66,1420800.0,1385935.4838709678,1207433.3333333333,1156032.258064516,1113535.7142857143,1073193.5483870967,-0.3,-0.4,-0.5,-0.7,-0.8,-0.9,15.946824842986741,17.440774058577407,18.97063679245283,18.3650126710593,19.8090136275146,19.923724907063196,14118.556,13459.136,12238.081,20693.091,12200.02,6273.691,0,0
2021-08-01,2021,8,1704806.4516129033,160.14,915.0,1130.973,-0.4,Neutro,17.88840793918919,24.27546500126689,19383.752,160.14,225.4,1562741.935483871,1420800.0,1385935.4838709678,1207433.3333333333,1156032.258064516,1113535.7142857143,-0.3,-0.3,-0.4,-0.5,-0.7,-0.8,18.063545098039217,15.946824842986741,17.440774058577407,18.97063679245283,18.3650126710593,19.8090136275146,15383.932,14118.556,13459.136,12238.081,20693.091,12200.02,0,0
2021-09-01,2021,9,1712138.0,170.02,1209.0,1089.832,-0.6,La Niña,18.23153533712429,24.80381495044679,19109.064,170.02,240.38,1704806.4516129033,1562741.935483871,1420800.0,1385935.4838709678,1207433.3333333333,1156032.258064516,-0.4,-0.3,-0.3,-0.4,-0.5,-0.7,17.88840793918919,18.063545098039217,15.946824842986741,17.440774058577407,18.97063679245283,18.3650126710593,19383.752,15383.932,14118.556,13459.136,12238.081,20693.091,0,1
2021-10-01,2021,10,1784935.4838709678,181.5669723456905,1012.0,986.834,-0.8,La Niña,18.155970911949687,24.851635643867922,22538.986,181.57,258.87,1712138.0,1704806.4516129033,1562741.935483871,1420800.0,1385935.4838709678,1207433.3333333333,-0.6,-0.4,-0.3,-0.3,-0.4,-0.5,18.23153533712429,17.88840793918919,18.063545098039217,15.946824842986741,17.440774058577407,18.97063679245283,19109.064,19383.752,15383.932,14118.556,13459.136,12238.081,0,1
2021-11-01,2021,11,1999655.1724137927,195.1705015355246,1131.0,1135.451,-0.9,La Niña,17.755393794749402,24.03325192084328,23375.107,195.17,279.56,1784935.4838709678,1712138.0,1704806.4516129033,1562741.935483871,1420800.0,1385935.4838709678,-0.8,-0.6,-0.4,-0.3,-0.3,-0.4,18.155970911949687,18.23153533712429,17.88840793918919,18.063545098039217,15.946824842986741,17.440774058577407,22538.986,19109.064,19383.752,15383.932,14118.556,13459.136,0,1
2021-12-01,2021,12,2116483.870967742,203.0641365167007,1385.0,1167.18,-0.9,La Niña,18.05271783463107,23.888985632554693,15265.595,203.06,290.57,1999655.1724137927,1784935.4838709678,1712138.0,1704806.4516129033,1562741.935483871,1420800.0,-0.9,-0.8,-0.6,-0.4,-0.3,-0.3,17.755393794749402,18.155970911949687,18.23153533712429,17.88840793918919,18.063545098039217,15.946824842986741,23375.107,22538.986,19109.064,19383.752,15383.932,14118.556,0,1
2022-01-01,2022,1,2148333.333333333,204.2941859123352,868.0,1031.827,-0.8,La Niña,18.278750754375377,24.308763884731444,7420.296,204.29,294.93,2116483.870967742,1999655.1724137927,1784935.4838709678,1712138.0,1704806.4516129033,1562741.935483871,-0.9,-0.9,-0.8,-0.6,-0.4,-0.3,18.05271783463107,17.755393794749402,18.155970911949687,18.23153533712429,17.88840793918919,18.063545098039217,15265.595,23375.107,22538.986,19109.064,19383.752,15383.932,0,1
2022-02-01,2022,2,2213333.333333333,210.89149837121604,928.0,983.233,-0.8,La Niña,17.811720547945207,23.474664769863015,9374.292,210.89,306.36,2148333.333333333,2116483.870967742,1999655.1724137927,1784935.4838709678,1712138.0,1704806.4516129033,-0.8,-0.9,-0.9,-0.8,-0.6,-0.4,18.278750754375377,18.05271783463107,17.755393794749402,18.155970911949687,18.23153533712429,17.88840793918919,7420.296,15265.595,23375.107,22538.986,19109.064,19383.752,0,1
2022-03-01,2022,3,1988774.1935483871,194.783913043478,914.0,1120.626,-0.9,La Niña,15.345903614457832,19.862048192771084,2076.521,194.78,285.81,2213333.333333333,2148333.333333333,2116483.870967742,1999655.1724137927,1784935.4838709678,1712138.0,-0.8,-0.8,-0.9,-0.9,-0.8,-0.6,17.811720547945207,18.278750754375377,18.05271783463107,17.755393794749402,18.155970911949687,18.23153533712429,9374.292,7420.296,15265.595,23375.107,22538.986,19109.064,0,1
2022-04-01,2022,4,2027448.2758620689,198.3709523809524,750.0,848.0,-1.0,La Niña,17.768864013267,23.431825955223882,17577.536,198.37,292.64,1988774.1935483871,2213333.333333333,2148333.333333333,2116483.870967742,1999655.1724137927,1784935.4838709678,-0.9,-0.8,-0.8,-0.9,-0.9,-0.8,15.345903614457832,17.811720547945207,18.278750754375377,18.05271783463107,17.755393794749402,18.155970911949687,2076.521,9374.292,7420.296,15265.595,23375.107,22538.986,0,1
2022-05-01,2022,5,2096733.33333333,193.7070406396392,1017.0,944.263,-0.9,La Niña,18.295299484331615,23.616249420864737,14728.237,193.71,286.44,2027448.2758620689,1988774.1935483871,2213333.333333333,2148333.333333333,2116483.870967742,1999655.1724137927,-1.0,-0.9,-0.8,-0.8,-0.9,-0.9,17.768864013267,15.345903614457832,17.811720547945207,18.278750754375377,18.05271783463107,17.755393794749402,17577.536,2076.521,9374.292,7420.296,15265.595,23375.107,0,1
2022-06-01,2022,6,2172233.333333333,202.4577239711359,951.0,939.0,-0.8,La Niña,17.79695652173913,23.26978764102564,20926.575,202.46,301.57,2096733.33333333,2027448.2758620689,1988774.1935483871,2213333.333333333,2148333.333333333,2116483.870967742,-0.9,-1.0,-0.9,-0.8,-0.8,-0.9,18.295299484331615,17.768864013267,15.345903614457832,17.811720547945207,18.278750754375377,18.05271783463107,14728.237,17577.536,2076.521,9374.292,7420.296,15265.595,0,1
2022-07-01,2022,7,2250290.3225806453,190.81792804666995,943.599220188862,1020.512,-0.8,La Niña,18.098438110113236,23.583051545880515,13867.178,190.82,286.07,2172233.333333333,2096733.33333333,2027448.2758620689,1988774.1935483871,2213333.333333333,2148333.333333333,-0.8,-0.9,-1.0,-0.9,-0.8,-0.8,17.79695652173913,18.295299484331615,17.768864013267,15.345903614457832,17.811720547945207,18.278750754375377,20926.575,14728.237,17577.536,2076.521,9374.292,7420.296,0,1
2022-08-01,2022,8,2315548.0,200.11,949.0,872.0,-0.9,La Niña,17.689120836560804,23.135794714949654,8839.495,200.11,295.66,2250290.3225806453,2172233.333333333,2096733.33333333,2027448.2758620689,1988774.1935483871,2213333.333333333,-0.8,-0.8,-0.9,-1.0,-0.9,-0.8,18.098438110113236,17.79695652173913,18.295299484331615,17.768864013267,15.345903614457832,17.811720547945207,13867.178,20926.575,14728.237,17577.536,2076.521,9374.292,0,1
2022-09-01,2022,9,2398966.6666666665,199.92988980574688,834.0,816.0,-1.0,La Niña,17.36997619047619,23.15620968015873,10844.691,199.63,294.09,2315548.0,2250290.3225806453,2172233.333333333,2096733.33333333,2027448.2758620689,1988774.1935483871,-0.9,-0.8,-0.8,-0.9,-1.0,-0.9,17.689120836560804,18.098438110113236,17.79695652173913,18.295299484331615,17.768864013267,15.345903614457832,8839.495,13867.178,20926.575,14728.237,17577.536,2076.521,0,1
2022-10-01,2022,10,2277290.0,178.5395238095238,888.0,944.0,-0.9,La Niña,17.560355951056728,23.034305724879495,22148.815,178.54,261.95,2398966.6666666665,2315548.0,2250290.3225806453,2172233.333333333,2096733.33333333,2027448.2758620689,-1.0,-0.9,-0.8,-0.8,-0.9,-1.0,17.36997619047619,17.689120836560804,18.098438110113236,17.79695652173913,18.295299484331615,17.768864013267,10844.691,8839.495,13867.178,20926.575,14728.237,17577.536,0,1
2022-11-01,2022,11,1990067.0,156.6550375102738,1060.0,853.0,-0.8,La Niña,16.371004273504273,20.91991955662393,560.088,156.66,223.22,2277290.0,2398966.6666666665,2315548.0,2250290.3225806453,2172233.333333333,2096733.33333333,-0.9,-1.0,-0.9,-0.8,-0.8,-0.9,17.560355951056728,17.36997619047619,17.689120836560804,18.098438110113236,17.79695652173913,18.295299484331615,22148.815,10844.691,8839.495,13867.178,20926.575,14728.237,0,1
2022-12-01,2022,12,1933032.0,157.18535759909372,981.0,1035.0,-0.7,La Niña,17.246964729259812,22.988597514157973,7752.862,157.19,224.12,1990067.0,2277290.0,2398966.6666666665,2315548.0,2250290.3225806453,2172233.333333333,-0.8,-0.9,-1.0,-0.9,-0.8,-0.8,16.371004273504273,17.560355951056728,17.36997619047619,17.689120836560804,18.098438110113236,17.79695652173913,560.088,22148.815,10844.691,8839.495,13867.178,20926.575,0,1
2023-01-01,2023,1,1838032.0,156.95221515178633,868.0,832.373,-0.5,La Niña,17.896207035988677,24.22994001577032,14658.697,156.95,218.91,1933032.0,1990067.0,2277290.0,2398966.6666666665,2315548.0,2250290.3225806453,-0.7,-0.8,-0.9,-1.0,-0.9,-0.8,17.246964729259812,16.371004273504273,17.560355951056728,17.36997619047619,17.689120836560804,18.098438110113236,7752.862,560.088,22148.815,10844.691,8839.495,13867.178,0,1
2023-02-01,2023,2,2075285.7142857143,174.77021164684638,1025.0,929.255,-0.3,Neutro,19.25582900657667,25.63169953859467,14012.551,174.77,238.39,1838032.0,1933032.0,1990067.0,2277290.0,2398966.6666666665,2315548.0,-0.5,-0.7,-0.8,-0.9,-1.0,-0.9,17.896207035988677,17.246964729259812,16.371004273504273,17.560355951056728,17.36997619047619,17.689120836560804,14658.697,7752.862,560.088,22148.815,10844.691,8839.495,0,0
2023-03-01,2023,3,1993129.0322580645,170.03246631262428,799.0,906.561,0.0,Neutro,18.80052380952381,24.338532646031748,23152.547,170.03,225.23,2075285.7142857143,1838032.0,1933032.0,1990067.0,2277290.0,2398966.6666666665,-0.3,-0.5,-0.7,-0.8,-0.9,-1.0,19.25582900657667,17.896207035988677,17.246964729259812,16.371004273504273,17.560355951056728,17.36997619047619,14012.551,14658.697,7752.862,560.088,22148.815,10844.691,0,0
2023-04-01,2023,4,1978900.0,178.57177339664295,565.867207197894,723.151,0.3,Neutro,19.676285355122566,25.907319598994345,10203.122,178.57,234.85,1993129.0322580645,2075285.7142857143,1838032.0,1933032.0,1990067.0,2277290.0,0.0,-0.3,-0.5,-0.7,-0.8,-0.9,18.80052380952381,19.25582900657667,17.896207035988677,17.246964729259812,16.371004273504273,17.560355951056728,23152.547,14012.551,14658.697,7752.862,560.088,22148.815,0,0
2023-05-01,2023,5,1895967.741935484,175.48429493934557,806.195505733111,845.853,0.6,El Niño,20.459440789473682,26.846517414473684,7347.44,175.48,226.93,1978900.0,1993129.0322580645,2075285.7142857143,1838032.0,1933032.0,1990067.0,0.3,0.0,-0.3,-0.5,-0.7,-0.8,19.676285355122566,18.80052380952381,19.25582900657667,17.896207035988677,17.246964729259812,16.371004273504273,10203.122,23152.547,14012.551,14658.697,7752.862,560.088,1,0
2023-06-01,2023,6,1577900.0,171.24754555560233,956.0,753.422,0.8,El Niño,20.115370942812984,26.076724459814532,4032.661,171.25,211.85,1895967.741935484,1978900.0,1993129.0322580645,2075285.7142857143,1838032.0,1933032.0,0.6,0.3,0.0,-0.3,-0.5,-0.7,20.459440789473682,19.676285355122566,18.80052380952381,19.25582900657667,17.896207035988677,17.246964729259812,7347.44,10203.122,23152.547,14012.551,14658.697,7752.862,1,0
2023-07-01,2023,7,1318774.1935483871,158.87809808137754,947.0,851.998,1.1,El Niño,20.270336749633966,26.452498980966325,5567.216,158.88,190.58,1577900.0,1895967.741935484,1978900.0,1993129.0322580645,2075285.7142857143,1838032.0,0.8,0.6,0.3,0.0,-0.3,-0.5,20.115370942812984,20.459440789473682,19.676285355122566,18.80052380952381,19.25582900657667,17.896207035988677,4032.661,7347.44,10203.122,23152.547,14012.551,14658.697,1,0
2023-08-01,2023,8,1319096.7741935484,154.5278260869565,872.0,816.755,1.4,El Niño,20.447091503267973,26.889696628267973,5407.418,154.53,187.55,1318774.1935483871,1577900.0,1895967.741935484,1978900.0,1993129.0322580645,2075285.7142857143,1.1,0.8,0.6,0.3,0.0,-0.3,20.270336749633966,20.115370942812984,20.459440789473682,19.676285355122566,18.80052380952381,19.25582900657667,5567.216,4032.661,7347.44,10203.122,23152.547,14012.551,1,0
2023-09-01,2023,9,1285967.0,153.13380952380956,849.0,840.002,1.6,El Niño,20.66249249249249,27.856531951951954,1828.693,153.13,184.98,1319096.7741935484,1318774.1935483871,1577900.0,1895967.741935484,1978900.0,1993129.0322580645,1.4,1.1,0.8,0.6,0.3,0.0,20.447091503267973,20.270336749633966,20.115370942812984,20.459440789473682,19.676285355122566,18.80052380952381,5407.418,5567.216,4032.661,7347.44,10203.122,23152.547,1,0
2023-10-01,2023,10,1379065.0,151.93905308491907,1157.4584732241142,908.637,1.8,El Niño,20.17800332778702,26.92512479201331,3777.462,151.94,185.97,1285967.0,1319096.7741935484,1318774.1935483871,1577900.0,1895967.741935484,1978900.0,1.6,1.4,1.1,0.8,0.6,0.3,20.66249249249249,20.447091503267973,20.270336749633966,20.115370942812984,20.459440789473682,19.676285355122566,1828.693,5407.418,5567.216,4032.661,7347.44,10203.122,1,0
2023-11-01,2023,11,1406448.2758620689,161.5268181818182,1282.1066366773907,1104.61,2.0,El Niño,19.892392638036807,25.402658486707566,3104.995,161.53,195.85,1379065.0,1285967.0,1319096.7741935484,1318774.1935483871,1577900.0,1895967.741935484,1.8,1.6,1.4,1.1,0.8,0.6,20.17800332778702,20.66249249249249,20.447091503267973,20.270336749633966,20.115370942812984,20.459440789473682,3777.462,1828.693,5407.418,5567.216,4032.661,7347.44,1,0
2023-12-01,2023,12,1468258.064516129,175.7290476190476,1220.0,1066.685,2.1,El Niño,20.293085339168492,25.7218818380744,2300.792,175.73,210.68,1406448.2758620689,1379065.0,1285967.0,1319096.7741935484,1318774.1935483871,1577900.0,2.0,1.8,1.6,1.4,1.1,0.8,19.892392638036807,20.17800332778702,20.66249249249249,20.447091503267973,20.270336749633966,20.115370942812984,3104.995,3777.462,1828.693,5407.418,5567.216,4032.661,1,0
2024-01-01,2024,1,1423000.0,176.40544024229507,959.0,937.134,1.9,El Niño,21.11986083499006,27.326640159045724,785.149,176.41,205.62,1468258.064516129,1406448.2758620689,1379065.0,1285967.0,1319096.7741935484,1318774.1935483871,2.1,2.0,1.8,1.6,1.4,1.1,20.293085339168492,19.892392638036807,20.17800332778702,20.66249249249249,20.447091503267973,20.270336749633966,2300.792,3104.995,3777.462,1828.693,5407.418,5567.216,1,0
2024-02-01,2024,2,1456862.0,182.0380956546534,961.0,1045.063,1.6,El Niño,20.806604278074868,26.46096256684492,1832.974,182.04,209.53,1423000.0,1468258.064516129,1406448.2758620689,1379065.0,1285967.0,1319096.7741935484,1.9,2.1,2.0,1.8,1.6,1.4,21.11986083499006,20.293085339168492,19.892392638036807,20.17800332778702,20.66249249249249,20.447091503267973,785.149,2300.792,3104.995,3777.462,1828.693,5407.418,1,0
2024-03-01,2024,3,1440129.0322580645,186.3902009193237,865.5325633014444,1005.461,1.3,El Niño,21.05285403050109,26.553159041394334,2406.909,186.39,210.27,1456862.0,1423000.0,1468258.064516129,1406448.2758620689,1379065.0,1285967.0,1.6,1.9,2.1,2.0,1.8,1.6,20.806604278074868,21.11986083499006,20.293085339168492,19.892392638036807,20.17800332778702,20.66249249249249,1832.974,785.149,2300.792,3104.995,3777.462,1828.693,1,0
2024-04-01,2024,4,1661933.3333333333,216.8926135107163,742.0,791.794,0.8,El Niño,20.270427927927926,25.913963963963962,3640.356,216.89,241.8,1440129.0322580645,1456862.0,1423000.0,1468258.064516129,1406448.2758620689,1379065.0,1.3,1.6,1.9,2.1,2.0,1.8,21.05285403050109,20.806604278074868,21.11986083499006,20.293085339168492,19.892392638036807,20.17800332778702,2406.909,1832.974,785.149,2300.792,3104.995,3777.462,1,0
2024-05-01,2024,5,1596129.0322580645,208.3811960089198,1120.0,935.22,0.5,El Niño,20.21477227722772,25.584752475247523,4307.17,208.38,233.5,1661933.3333333333,1440129.0322580645,1456862.0,1423000.0,1468258.064516129,1406448.2758620689,0.8,1.3,1.6,1.9,2.1,2.0,20.270427927927926,21.05285403050109,20.806604278074868,21.11986083499006,20.293085339168492,19.892392638036807,3640.356,2406.909,1832.974,785.149,2300.792,3104.995,1,0
2024-06-01,2024,6,1817033.3333333333,226.8256341217809,1172.0,1023.959,0.2,Neutro,19.792091503267972,25.191503267973854,2187.863,226.83,250.39,1596129.0322580645,1661933.3333333333,1440129.0322580645,1456862.0,1423000.0,1468258.064516129,0.5,0.8,1.3,1.6,1.9,2.1,20.21477227722772,20.270427927927926,21.05285403050109,20.806604278074868,21.11986083499006,20.293085339168492,4307.17,3640.356,2406.909,1832.974,785.149,2300.792,0,0
2024-07-01,2024,7,1876387.0,236.5359175280044,1158.8837518134924,1019.355,0.1,Neutro,19.659910554561716,24.981574239713776,1379.776,236.54,257.82,1817033.3333333333,1596129.0322580645,1661933.3333333333,1440129.0322580645,1456862.0,1423000.0,0.2,0.5,0.8,1.3,1.6,1.9,19.792091503267972,20.21477227722772,20.270427927927926,21.05285403050109,20.806604278074868,21.11986083499006,2187.863,4307.17,3640.356,2406.909,1832.974,785.149,0,0
2024-08-01,2024,8,1943323.0,238.92,1049.0,1029.58,-0.1,Neutro,19.439934747145188,25.950407830342577,1812.076,238.92,263.76,1876387.0,1817033.3333333333,1596129.0322580645,1661933.3333333333,1440129.0322580645,1456862.0,0.1,0.2,0.5,0.8,1.3,1.6,19.659910554561716,19.792091503267972,20.21477227722772,20.270427927927926,21.05285403050109,20.806604278074868,1379.776,2187.863,4307.17,3640.356,2406.909,1832.974,0,0
2024-09-01,2024,9,2120233.333333333,258.89522893067425,1071.2334084844454,998.341,-0.2,Neutro,20.703832077502692,27.248223896663077,2688.272,258.9,279.27,1943323.0,1876387.0,1817033.3333333333,1596129.0322580645,1661933.3333333333,1440129.0322580645,-0.1,0.1,0.2,0.5,0.8,1.3,19.439934747145188,19.659910554561716,19.792091503267972,20.21477227722772,20.270427927927926,21.05285403050109,1812.076,1379.776,2187.863,4307.17,3640.356,2406.909,0,0
2024-10-01,2024,10,2173290.0,250.5,1339.1550080564646,1039.068,-0.2,Neutro,20.105997506234413,26.38653366583541,8092.723,250.56,277.1,2120233.333333333,1943323.0,1876387.0,1817033.3333333333,1596129.0322580645,1661933.3333333333,-0.2,-0.1,0.1,0.2,0.5,0.8,20.703832077502692,19.439934747145188,19.659910554561716,19.792091503267972,20.21477227722772,20.270427927927926,2688.272,1812.076,1379.776,2187.863,4307.17,3640.356,0,0
2024-11-01,2024,11,2456566.6666666665,270.72,1761.409522227121,1193.949,-0.3,Neutro,19.8855547309833,25.63061224489796,47421.525,270.72,306.21,2173290.0,2120233.333333333,1943323.0,1876387.0,1817033.3333333333,1596129.0322580645,-0.2,-0.2,-0.1,0.1,0.2,0.5,20.105997506234413,20.703832077502692,19.439934747145188,19.659910554561716,19.792091503267972,20.21477227722772,8092.723,2688.272,1812.076,1379.776,2187.863,4307.17,0,0
2024-12-01,2024,12,2764870.9677419355,299.6059599428544,1798.2305515042488,1303.939,-0.4,Neutro,20.237494407158838,25.9534302759135,40799.417,299.61,341.0,2456566.6666666665,2173290.0,2120233.333333333,1943323.0,1876387.0,1817033.3333333333,-0.3,-0.2,-0.2,-0.1,0.1,0.2,19.8855547309833,20.105997506234413,20.703832077502692,19.439934747145188,19.659910554561716,19.792091503267972,47421.525,8092.723,2688.272,1812.076,1379.776,2187.863,0,0
2025-01-01,2025,1,2751258.06451613,310.1212000126377,1355.76715345375,1153.15,-0.4,Neutro,,,28012.531,,,2764870.9677419355,2456566.6666666665,2173290.0,2120233.333333333,1943323.0,1876387.0,-0.4,-0.3,-0.2,-0.2,-0.1,0.1,20.237494407158838,19.8855547309833,20.105997506234413,20.703832077502692,19.439934747145188,19.659910554561716,40799.417,47421.525,8092.723,2688.272,1812.076,1379.776,0,0
2025-02-01,2025,2,3118571.4285714286,354.3167947913337,1361.3928100799765,1184.165,-0.2,Neutro,,,4095.368,,,2751258.06451613,2764870.9677419355,2456566.6666666665,2173290.0,2120233.333333333,1943323.0,-0.4,-0.4,-0.3,-0.2,-0.2,-0.1,,20.237494407158838,19.8855547309833,20.105997506234413,20.703832077502692,19.439934747145188,28012.531,40799.417,47421.525,8092.723,2688.272,1812.076,0,0
2025-03-01,2025,3,3054451.6129032257,347.85002454969737,1063.9383960067662,1252.049,-0.1,Neutro,,,18567.708,,,3118571.4285714286,2751258.06451613,2764870.9677419355,2456566.6666666665,2173290.0,2120233.333333333,-0.2,-0.4,-0.4,-0.3,-0.2,-0.2,,,20.237494407158838,19.8855547309833,20.105997506234413,20.703832077502692,4095.368,28012.531,40799.417,47421.525,8092.723,2688.272,0,0
2025-04-01,2025,4,3044433.333333333,335.7568177900642,702.8167391214691,802.135,0.0,Neutro,,,31699.899,,,3054451.6129032257,3118571.4285714286,2751258.06451613,2764870.9677419355,2456566.6666666665,2173290.0,-0.1,-0.2,-0.4,-0.4,-0.3,-0.2,,,,20.237494407158838,19.8855547309833,20.105997506234413,18567.708,4095.368,28012.531,40799.417,47421.525,8092.723,0,0
2025-05-01,2025,5,3012759.0,334.4138095238096,818.6412932234168,911.634,0.0,Neutro,,,23259.414,,,3044433.333333333,3054451.6129032257,3118571.4285714286,2751258.06451613,2764870.9677419355,2456566.6666666665,0.0,-0.1,-0.2,-0.4,-0.4,-0.3,,,,,20.237494407158838,19.8855547309833,31699.899,18567.708,4095.368,28012.531,40799.417,47421.525,0,0
2025-06-01,2025,6,2700567.0,295.0550537243588,909.1029907731332,1084.751,0.0,Neutro,,,28043.711,,,3012759.0,3044433.333333333,3054451.6129032257,3118571.4285714286,2751258.06451613,2764870.9677419355,0.0,0.0,-0.1,-0.2,-0.4,-0.4,,,,,,20.237494407158838,23259.414,31699.899,18567.708,4095.368,28012.531,40799.417,0,0
2025-07-01,2025,7,2369903.2258064514,259.3122191514132,1373.355966067876,1173.816,-0.1,Neutro,,,17048.756,,,2700567.0,3012759.0,3044433.333333333,3054451.6129032257,3118571.4285714286,2751258.06451613,0.0,0.0,0.0,-0.1,-0.2,-0.4,,,,,,,28043.711,23259.414,31699.899,18567.708,4095.368,28012.531,0,0
2025-08-01,2025,8,2758032.2580645164,297.0528962399517,1242.74174988266,1166.665,-0.3,Neutro,,,25059.022,,,2369903.2258064514,2700567.0,3012759.0,3044433.333333333,3054451.6129032257,3118571.4285714286,-0.1,0.0,0.0,0.0,-0.1,-0.2,,,,,,,17048.756,28043.711,23259.414,31699.899,18567.708,4095.368,0,0
2025-09-01,2025,9,2966133.333333333,324.6237609992482,1142.412575389382,1078.407,-0.4,Neutro,,,24626.903,,,2758032.2580645164,2369903.2258064514,2700567.0,3012759.0,3044433.333333333,3054451.6129032257,-0.3,-0.1,0.0,0.0,0.0,-0.1,,,,,,,25059.022,17048.756,28043.711,23259.414,31699.899,18567.708,0,0
2025-10-01,2025,10,2954935.483870968,326.38451040077564,1208.086500408277,1056.716,-0.5,La Niña,,,43127.26,,,2966133.333333333,2758032.2580645164,2369903.2258064514,2700567.0,3012759.0,3044433.333333333,-0.4,-0.3,-0.1,0.0,0.0,0.0,,,,,,,24626.903,25059.022,17048.756,28043.711,23259.414,31699.899,0,1
2025-11-01,2025,11,2889633.33333333,330.4370561152145,1266.0696378998323,1219.555,-0.6,La Niña,,,37326.552,,,2954935.483870968,2966133.333333333,2758032.2580645164,2369903.2258064514,2700567.0,3012759.0,-0.5,-0.4,-0.3,-0.1,0.0,0.0,,,,,,,43127.26,24626.903,25059.022,17048.756,28043.711,23259.414,0,1
2025-12-01,2025,12,2745225.806451613,304.67612786208394,1233.4231694949574,1055.841,-0.5,La Niña,,,21848.249,,,2889633.33333333,2954935.483870968,2966133.333333333,2758032.2580645164,2369903.2258064514,2700567.0,-0.6,-0.5,-0.4,-0.3,-0.1,0.0,,,,,,,37326.552,43127.26,24626.903,25059.022,17048.756,28043.711,0,1
